name,image_url,user_id,beer_family_id,typical_beer_id
Les Intenables x Grillen - Bjorn Together Farmhouse 33 cl,https://bieronomy.com/23899-home_default/les-intenables-x-grillen-bjorn-together-farmhouse-33-cl.jpg,2,3,51
Alvinne - Cuvée Theo Imperial Saison 33 cl,https://bieronomy.com/23889-home_default/alvinne-cuvee-theo-imperial-saison-33-cl.jpg,2,3,51
Alvinne - Moens Pustje Belgian Tripel 33 cl,https://bieronomy.com/23888-home_default/alvinne-moens-pustje-belgian-tripel-33-cl.jpg,2,3,54
La Démarrante - Bssm. Blonde aux 3 poivres 33 cl,https://bieronomy.com/23831-home_default/la-demarrante-bssm-blonde-aux-3-poivres-33-cl.jpg,2,3,48
La Démarrante - Gangsta's Paradise Triple Épicée 33 cl,https://bieronomy.com/23830-home_default/la-demarrante-gangsta-s-paradise-triple-epicee-33-cl.jpg,2,3,54
Piggy Brewing - Rebel Monk 3 White Wine BA Saison 33 cl,https://bieronomy.com/23543-home_default/piggy-brewing-rebel-monk-3-white-wine-ba-saison-33-cl.jpg,2,3,51
Faucigny - Sortie De Piste Abbaye Blonde 33 cl,https://bieronomy.com/23501-home_default/faucigny-sortie-de-piste-abbaye-blonde-33-cl.jpg,2,3,53
Dunham - Baoding Blend BA Litchi Orange 75 cl,https://bieronomy.com/23410-home_default/dunham-baoding-blend-ba-litchi-orange-75-cl.jpg,2,3,48
Dunham - Viti Vini Vici 11 Blend Saisons Barriquées 75 cl,https://bieronomy.com/23409-home_default/dunham-viti-vini-vici-11-blend-saisons-barriquees-75-cl.jpg,2,3,51
"Blaugies | La Moneuse Saison | 37,5 cl",https://bieronomy.com/23219-home_default/blaugies-la-moneuse-saison-375-cl.jpg,2,3,51
"Blaugies | La Moneuse Triple X Saison | 37,5 cl",https://bieronomy.com/23218-home_default/blaugies-la-moneuse-triple-x-saison-375-cl.jpg,2,3,53
"Malacuria | Old Plum Saison BA | 37,5 cl",https://bieronomy.com/23217-home_default/malacuria-old-plum-saison-ba-375-cl.jpg,2,3,51
Champs Marmo | Mademoiselle Nobs | 75 cl,https://bieronomy.com/23116-home_default/champs-marmo-mademoiselle-nobs-75-cl.jpg,2,3,50
Maelström - 113e Bière Sans Dormir Quadruple 33 cl,https://bieronomy.com/22936-home_default/maelstrom-113e-biere-sans-dormir-quadruple-33-cl.jpg,2,3,77
Elixkir | Jardin D’Hiver Part Des Hommes 17 | 66 cl,https://bieronomy.com/22848-home_default/elixkir-jardin-d-hiver-part-des-hommes-17-66-cl.jpg,2,3,48
La Montagnarde - Mirette Saison au Seigle 33 cl,https://bieronomy.com/22813-home_default/la-montagnarde-mirette-saison-au-seigle-33-cl.jpg,2,3,51
La Montagnarde - Mirette Saison au Seigle 75 cl,https://bieronomy.com/22815-home_default/la-montagnarde-mirette-saison-au-seigle-75-cl.jpg,2,3,51
Mont Salève - Freestyle Grisette 33 cl,https://bieronomy.com/22673-home_default/mont-saleve-freestyle-grisette-33-cl.jpg,2,3,48
Piggy Brewing - Lagom Grisette 44 cl,https://bieronomy.com/22658-home_default/piggy-brewing-lagom-grisette-44-cl.jpg,2,3,50
Arav' - Vienna Saison 1 Épisode 2 33 cl,https://bieronomy.com/22382-home_default/arav-vienna-saison-1-episode-2-33-cl.jpg,2,3,51
Piggy Brewing - Rebel Monk 2 Saison Saint-Estèphe BA 33 cl,https://bieronomy.com/21972-home_default/piggy-brewing-rebel-monk-2-saison-saint-estephe-ba-33-cl.jpg,2,3,51
La Mule Straight Saison 33 cl,https://bieronomy.com/21139-home_default/la-mule-straight-saison-33-cl.jpg,2,3,51
Mont Salève - Grisette 33 cl,https://bieronomy.com/20549-home_default/mont-saleve-grisette-33-cl.jpg,2,3,48
Iron - Dark Triple 33 cl,https://bieronomy.com/20515-home_default/iron-dark-triple-33-cl.jpg,2,3,54
Maelström - Ambrée Bio 75 cl,https://bieronomy.com/17665-home_default/maelstrom-ambree-bio-75-cl.jpg,2,3,50
Maelström - Blanche Bio 75 cl,https://bieronomy.com/17670-home_default/maelstrom-blanche-bio-75-cl.jpg,1,3,47
Maelström | Blanche Bio | 33 cl,https://bieronomy.com/17671-home_default/maelstrom-blanche-bio-33-cl.jpg,1,3,47
"Dieu du Ciel Blanche du Paradis 47,3 cl",https://bieronomy.com/17134-home_default/dieu-du-ciel-blanche-du-paradis-47-3-cl.jpg,1,3,47
La Montagnarde - Guiliguili Hoppy Grisette 33 cl,https://bieronomy.com/24230-home_default/la-montagnarde-guiliguili-hoppy-grisette-33-cl.jpg,2,3,48
Thiriez - Thelma Double Saison Hibiscus Poivre 33 cl,https://bieronomy.com/16176-home_default/thiriez-thelma-double-saison-hibiscus-poivre-33-cl.jpg,2,3,51
Les Funambules - L'Ami Rôde Belgian Ale 75 cl,https://bieronomy.com/23253-home_default/les-funambules-l-ami-rode-belgian-ale-75-cl.jpg,2,3,48
Dupont | Saison Dupont Cuvée Dry Hopping | 33 cl,https://bieronomy.com/14074-home_default/dupont-saison-dupont-cuvee-dry-hopping-33-cl.jpg,2,3,51
"De Cam - Nectarine Lambiek (2019) 37,5 cl",https://bieronomy.com/12525-home_default/de-cam-nectarine-lambiek-2019-375-cl.jpg,2,2,44
"De Cam - Framboise Lambiek (2019) 37,5 cl",https://bieronomy.com/12526-home_default/de-cam-framboise-lambiek-2019-375-cl.jpg,2,2,44
La Démarrante - Le Lundi au Soleil Blonde 33 cl,https://bieronomy.com/23143-home_default/la-demarrante-le-lundi-au-soleil-blonde-33-cl.jpg,2,3,48
De Ranke - Mirakel Spierelambic 75 cl,https://bieronomy.com/18990-home_default/de-ranke-mirakel-spierelambic-75-cl.jpg,2,2,44
Dupont | Moinette Biologique | 33 cl,https://bieronomy.com/23122-home_default/dupont-moinette-biologique-33-cl.jpg,2,3,48
De Ranke Franc Belge Pale Ale Ambrée 33 cl,https://bieronomy.com/13900-home_default/franc-belge-pale-ale-ambree-33-cl-de-ranke.jpg,2,3,48
Brasserie Veyrat - La Pomelo Bière d'Été Bio 33 cl,https://bieronomy.com/24528-home_default/brasserie-veyrat-la-pomelo-biere-d-ete-bio-33-cl.jpg,2,3,50
St Bernardus Wit Wheat Beer 75 cl,https://bieronomy.com/13926-home_default/st-bernardus-wit-wheat-beer-75-cl.jpg,1,3,47
De Halve Maan Brugse Sportzot Sans Alcool 33 cl,https://bieronomy.com/14101-home_default/de-halve-maan-brugse-sportzot-sans-alcool-33-cl.jpg,2,3,50
Lupulus | Hibernatus Bière d'Hiver | 33 cl,https://bieronomy.com/22973-home_default/lupulus-hibernatus-biere-d-hiver-33-cl.jpg,2,3,50
Elixkir | Saison Verjus La Mise Au Vert | 33 cl,https://bieronomy.com/22849-home_default/elixkir-saison-verjus-la-mise-au-vert-33-cl.jpg,2,3,51
De Ranke Simplex Belgian Blonde 33 cl,https://bieronomy.com/13901-home_default/de-ranke-simplex-belgian-blonde-33-cl.jpg,2,3,48
Dupont - Blanche du Hainaut Biologique 25 cl,https://bieronomy.com/13905-home_default/dupont-blanche-du-hainaut-biologique-25-cl.jpg,1,3,47
St-Feuillien Saison 33 cl,https://bieronomy.com/12971-home_default/st-feuillien-saison-33-cl.jpg,2,3,51
De Halve Maan Brugse Zot Blonde 33 cl,https://bieronomy.com/13888-home_default/de-halve-maan-brugse-zot-blonde-33-cl.jpg,2,3,48
Het Anker Gouden Carolus Tripel 33 cl,https://bieronomy.com/12989-home_default/het-anker-gouden-carolus-tripel-33-cl.jpg,2,3,54
Lupulus Blanche Witbier 33 cl,https://bieronomy.com/13997-home_default/lupulus-blanche-witbier-33-cl.jpg,1,3,47
Lupulus Organicus Belgian Tripel 33 cl,https://bieronomy.com/13996-home_default/lupulus-organicus-belgian-tripel-33-cl.jpg,2,3,54
Dubuisson Bush Blonde Triple 33 cl,https://bieronomy.com/14090-home_default/dubuisson-bush-blonde-triple-33-cl.jpg,2,3,54
Gouden Carolus Classic 33 cl Het Anker,https://bieronomy.com/12990-home_default/gouden-carolus-classic-33-cl-het-anker.jpg,2,3,43
Brasserie Veyrat - La Pasnaille Bière Printemps Bio 33 cl,https://bieronomy.com/20996-home_default/brasserie-veyrat-la-pasnaille-biere-printemps-bio-33-cl.jpg,2,3,50
Dupont Bière de Miel Biologique 33 cl,https://bieronomy.com/13904-home_default/dupont-biere-de-miel-biologique-33-cl.jpg,2,3,53
Dubuisson - Bush Prestige 75 cl,https://bieronomy.com/18616-home_default/dubuisson-bush-prestige-75-cl.jpg,2,3,48
St-Feuillien | Grand Cru | 75 cl,https://bieronomy.com/22968-home_default/st-feuillien-grand-cru-75-cl.jpg,2,3,51
St-Feuillien | Grand Cru | 33 cl,https://bieronomy.com/13954-home_default/st-feuillien-grand-cru-33-cl.jpg,2,3,51
The Musketeers Troubadour Magma Belgian IPA 33 cl,https://bieronomy.com/13956-home_default/the-musketeers-troubadour-magma-belgian-ipa-33-cl.jpg,2,3,69
De Ranke - Kriek 75 cl,https://bieronomy.com/12925-home_default/de-ranke-kriek-75-cl.jpg,2,3,44
Brasserie Veyrat - La Liberté Blonde Bio 75 cl,https://bieronomy.com/24526-home_default/brasserie-veyrat-la-liberte-blonde-bio-75-cl.jpg,2,3,50
Thiriez - La Thiriez Triple Bio 33 cl,https://bieronomy.com/21406-home_default/thiriez-la-thiriez-triple-bio-33-cl.jpg,2,3,54
Abbaye des Rocs Blanche Des Honnelles Witbier 33 cl,https://bieronomy.com/13874-home_default/abbaye-des-rocs-blanche-des-honnelles-witbier-33-cl.jpg,1,3,47
Mont Des Cats | Ambrée Trappiste | 75 cl,https://bieronomy.com/22969-home_default/mont-des-cats-ambree-trappiste-75-cl.jpg,2,3,48
Mont des Cats Ambrée Trappiste 33 cl,https://bieronomy.com/14560-home_default/mont-des-cats-ambree-trappiste-33-cl.jpg,2,3,48
Chimay Dorée Blonde Patersbier 33 cl Abbaye de Scourmont,https://bieronomy.com/13894-home_default/chimay-doree-blonde-patersbier-33-cl-abbaye-de-scourmont.jpg,2,3,48
Val Dieu Brune Belgian Dubbel 33 cl,https://bieronomy.com/13960-home_default/val-dieu-brune-belgian-dubbel-33-cl.jpg,2,3,53
Val Dieu Blonde 33 cl,https://bieronomy.com/12952-home_default/val-dieu-blonde-33-cl.jpg,2,3,48
Val Dieu - Triple Belgian Tripel 33 cl,https://bieronomy.com/13958-home_default/val-dieu-triple-belgian-tripel-33-cl.jpg,2,3,54
Dupont Saison Dupont Biologique 33 cl,https://bieronomy.com/23127-home_default/dupont-saison-dupont-biologique-33-cl.jpg,2,3,51
St Bernardus Wit Wheat Beer 33 cl,https://bieronomy.com/23236-home_default/st-bernardus-wit-wheat-beer-33-cl.jpg,1,3,47
Pays Flamand - La Fière Blonde 75 cl,https://bieronomy.com/24289-home_default/pays-flamand-la-fiere-blonde-75-cl.jpg,2,3,48
Elixkir - Triple Sans Foi ni Loi 66 cl,https://bieronomy.com/23119-home_default/elixkir-triple-sans-foi-ni-loi-66-cl.jpg,2,3,54
Elixkir - Triple Sans Foi ni Loi 33 cl,https://bieronomy.com/23117-home_default/elixkir-triple-sans-foi-ni-loi-33-cl.jpg,2,3,54
Elixkir - Blanche La Loi de Darcy 66 cl,https://bieronomy.com/21021-home_default/elixkir-blanche-la-loi-de-darcy-66-cl.jpg,1,3,47
Elixkir | Blanche La Loi de Darcy | 33 cl,https://bieronomy.com/21014-home_default/elixkir-blanche-la-loi-de-darcy-33-cl.jpg,1,3,47
Elixkir | Ambrée La Rude École | 66 cl,https://bieronomy.com/21022-home_default/elixkir-ambree-la-rude-ecole-66-cl.jpg,2,3,50
Elixkir | Ambrée La Rude École | 33 cl,https://bieronomy.com/21015-home_default/elixkir-ambree-la-rude-ecole-33-cl.jpg,2,3,50
Elixkir - Blonde Le Péché du Chanoine 66 cl,https://bieronomy.com/21018-home_default/elixkir-blonde-le-peche-du-chanoine-66-cl.jpg,2,3,50
Elixkir - Blonde Le Péché du Chanoine 33 cl,https://bieronomy.com/21016-home_default/elixkir-blonde-le-peche-du-chanoine-33-cl.jpg,2,3,50
Orval 33 cl,https://bieronomy.com/8070-home_default/orval-33-cl.jpg,2,3,50
Blonde Belgian Tripel 75 cl Lupulus,https://bieronomy.com/13993-home_default/blonde-belgian-tripel-75-cl-lupulus.jpg,2,3,54
Brasserie des Légendes Quintine Blonde 33 cl,https://bieronomy.com/13921-home_default/brasserie-des-legendes-quintine-blonde-33-cl.jpg,2,3,50
Thiriez | La Blonde d'Esquelbecq | 33 cl,https://bieronomy.com/21394-home_default/thiriez-la-blonde-d-esquelbecq-33-cl.jpg,2,3,51
Dupont Saison Dupont 33 cl,https://bieronomy.com/13911-home_default/dupont-saison-dupont-33-cl.jpg,2,3,51
Chimay Bleue 33 cl Abbaye de Scourmont,https://bieronomy.com/12921-home_default/chimay-bleue-33-cl-abbaye-de-scourmont.jpg,2,3,54
Westmalle Trappist Tripel 75 cl,https://bieronomy.com/13962-home_default/westmalle-trappist-tripel-75-cl.jpg,2,3,54
Thiriez - La Rouge Flamande Ambrée 33 cl,https://bieronomy.com/21403-home_default/thiriez-la-rouge-flamande-ambree-33-cl.jpg,2,3,43
Dupont Saison Dupont 75 cl,https://bieronomy.com/12931-home_default/dupont-saison-dupont-75-cl.jpg,2,3,51
Chimay Rouge Belgian Dubbel 33 cl Abbaye de Scourmont,https://bieronomy.com/13890-home_default/chimay-rouge-belgian-dubbel-33-cl-abbaye-de-scourmont.jpg,2,3,53
Trappistes Rochefort 10 Belgian Quadrupel 33 cl,https://bieronomy.com/12974-home_default/trappistes-rochefort-10-belgian-quadrupel-33-cl.jpg,2,3,77
Thiriez | L'Étoile du Nord Saison houblonnée | 33 cl,https://bieronomy.com/21390-home_default/thiriez-l-etoile-du-nord-saison-houblonnee-33-cl.jpg,2,3,51
Dupont Saison Dupont Biologique 75 cl,https://bieronomy.com/23126-home_default/dupont-saison-dupont-biologique-75-cl.jpg,2,3,51
Chimay Rouge Première Belgian Dubbel 75 cl Abbaye de Scourmont,https://bieronomy.com/13891-home_default/chimay-rouge-premiere-belgian-dubbel-75-cl-abbaye-de-scourmont.jpg,2,3,53
Trappistes Rochefort 6 Belgian Dubbel 33 cl,https://bieronomy.com/13918-home_default/trappistes-rochefort-6-belgian-dubbel-33-cl.jpg,2,3,53
Thiriez - L'Ambrée d'Esquelbecq Bio 33 cl,https://bieronomy.com/21392-home_default/thiriez-l-ambree-d-esquelbecq-bio-33-cl.jpg,2,3,50
De Ranke Guldenberg Belgian Tripel 33 cl,https://bieronomy.com/13903-home_default/de-ranke-guldenberg-belgian-tripel-33-cl.jpg,2,3,54
Chimay Triple Belgian Tripel 33 cl Abbaye de Scourmont,https://bieronomy.com/13892-home_default/chimay-triple-belgian-tripel-33-cl-abbaye-de-scourmont.jpg,2,3,54
Trappistes Rochefort Belgian Strong Dark Ale 8 33 cl,https://bieronomy.com/14099-home_default/trappistes-rochefort-belgian-strong-dark-ale-8-33-cl.jpg,2,3,77
Thiriez - Les Québécoises Blonde au Froment 33 cl,https://bieronomy.com/21408-home_default/thiriez-les-quebecoises-blonde-au-froment-33-cl.jpg,2,3,50
De Ranke XX Bitter Belgian IPA 33 cl,https://bieronomy.com/13902-home_default/de-ranke-xx-bitter-belgian-ipa-33-cl.jpg,2,3,69
Chimay Cinq Cents Belgian Tripel 75 cl Abbaye de Scourmont,https://bieronomy.com/13893-home_default/chimay-cinq-cents-belgian-tripel-75-cl-abbaye-de-scourmont.jpg,2,3,54
Thiriez - La Thiriez Bio Blonde 33 cl,https://bieronomy.com/21048-home_default/thiriez-la-thiriez-bio-blonde-33-cl.jpg,2,3,48
Thiriez - La Thiriez Triple Bio 75 cl,https://bieronomy.com/21407-home_default/thiriez-la-thiriez-triple-bio-75-cl.jpg,2,3,54
St Bernardus Abt 12 Belgian Quadrupel 33 cl,https://bieronomy.com/23234-home_default/st-bernardus-abt-12-belgian-quadrupel-33-cl.jpg,2,3,77
Thiriez - La Thiriez Bio Blonde 75 cl,https://bieronomy.com/21405-home_default/thiriez-la-thiriez-bio-blonde-75-cl.jpg,2,3,48
Dupont Moinette Blonde 33 cl,https://bieronomy.com/23124-home_default/dupont-moinette-blonde-33-cl.jpg,2,3,48
De Ranke - Saison de Dottignies 33 cl,https://bieronomy.com/23919-home_default/de-ranke-saison-de-dottignies-33-cl.jpg,2,3,51
St. Bernardus Abt 12 75 cl,https://bieronomy.com/10964-home_default/st-bernardus-abt-12-75-cl.jpg,2,3,77
Het Anker Gouden Carolus Cuvée van de Keizer Imperial Blond 75 cl,https://bieronomy.com/12922-home_default/gouden-carolus-cuvee-van-de-keizer-imperial-blond-75-cl-het-anker.jpg,2,3,50
Dupont Moinette Blonde 75 cl,https://bieronomy.com/23123-home_default/dupont-moinette-blonde-75-cl.jpg,2,3,48
De Ranke - Saison de Dottignies 75 cl,https://bieronomy.com/23918-home_default/de-ranke-saison-de-dottignies-75-cl.jpg,2,3,51
St Bernardus Pater 6 Belgian Dubbel 33 cl,https://bieronomy.com/13927-home_default/st-bernardus-pater-6-belgian-dubbel-33-cl.jpg,2,3,53
Gouden Carolus Cuvée van de Keizer Imperial Dark 75 cl Het Anker,https://bieronomy.com/13880-home_default/gouden-carolus-cuvee-van-de-keizer-imperial-dark-75-cl-het-anker.jpg,2,3,77
Dupont Moinette Brune 33 cl,https://bieronomy.com/23125-home_default/dupont-moinette-brune-33-cl.jpg,2,3,77
Pays Flamand - Bracine Triple 33 cl,https://bieronomy.com/24288-home_default/pays-flamand-bracine-triple-33-cl.jpg,2,3,54
St Bernardus Prior 8 Belgian Dubbel 33 cl,https://bieronomy.com/13925-home_default/st-bernardus-prior-8-belgian-dubbel-33-cl.jpg,2,3,53
"Dupont Avec Les Bons Vœux 37,5 cl",https://bieronomy.com/23120-home_default/dupont-avec-les-bons-voeux-375-cl.jpg,2,3,51
Pays Flamand - Bracine Triple 75 cl,https://bieronomy.com/24287-home_default/pays-flamand-bracine-triple-75-cl.jpg,2,3,54
St Bernardus Tripel 33 cl,https://bieronomy.com/23295-home_default/st-bernardus-tripel-33-cl.jpg,2,3,54
Rulles La Rulles Blonde 75 cl,https://bieronomy.com/13985-home_default/rulles-la-rulles-blonde-75-cl.jpg,2,3,50
Thiriez | Les Québécoises Blonde au Froment | 75 cl,https://bieronomy.com/21409-home_default/thiriez-les-quebecoises-blonde-au-froment-75-cl.jpg,2,3,50
St Bernardus Tripel 75 cl,https://bieronomy.com/23235-home_default/st-bernardus-tripel-75-cl.jpg,2,3,54
Rulles | La Rulles Estivale Saison | 75 cl,https://bieronomy.com/23128-home_default/rulles-la-rulles-estivale-saison-75-cl.jpg,2,3,51
Thiriez | La Rouge Flamande Ambrée | 75 cl,https://bieronomy.com/21402-home_default/thiriez-la-rouge-flamande-ambree-75-cl.jpg,2,3,42
De Halve Maan Straffe Hendrik Brugs Quadrupel 33 cl,https://bieronomy.com/13886-home_default/de-halve-maan-straffe-hendrik-brugs-quadrupel-33-cl.jpg,2,3,77
Rulles | La Rulles Triple | 75 cl,https://bieronomy.com/23129-home_default/rulles-la-rulles-triple-75-cl.jpg,2,3,54
Thiriez - L'Étoile du Nord Saison houblonnée 75 cl,https://bieronomy.com/21391-home_default/thiriez-l-etoile-du-nord-saison-houblonnee-75-cl.jpg,2,3,51
De Halve Maan Straffe Hendrik Brugs Quadrupel 75 cl,https://bieronomy.com/12923-home_default/de-halve-maan-straffe-hendrik-brugs-quadrupel-75-cl.jpg,2,3,77
Thiriez - L'Ambrée d'Esquelbecq Bio 75 cl,https://bieronomy.com/21393-home_default/thiriez-l-ambree-d-esquelbecq-bio-75-cl.jpg,2,3,50
Straffe Hendrik Brugs Tripel 33 cl De Halve Maan,https://bieronomy.com/12924-home_default/straffe-hendrik-brugs-tripel-33-cl-de-halve-maan.jpg,2,3,54
Dupont Bière de Miel Biologique 75 cl,https://bieronomy.com/11009-home_default/dupont-biere-de-miel-biologique-75-cl.jpg,2,3,50
Thiriez | La Blonde d'Esquelbecq | 75 cl,https://bieronomy.com/21395-home_default/thiriez-la-blonde-d-esquelbecq-75-cl.jpg,2,3,50
Straffe Hendrik Brugs Tripel 75 cl De Halve Maan,https://bieronomy.com/13887-home_default/straffe-hendrik-brugs-tripel-75-cl-de-halve-maan.jpg,2,3,54
Dupont | Moinette Biologique | 75 cl,https://bieronomy.com/23121-home_default/dupont-moinette-biologique-75-cl.jpg,2,3,50
Brasserie Veyrat - La Liberté Blonde Bio 33 cl,https://bieronomy.com/20981-home_default/brasserie-veyrat-la-liberte-blonde-bio-33-cl.jpg,2,3,50
Westmalle Trappist Tripel 33 cl,https://bieronomy.com/13961-home_default/westmalle-trappist-tripel-33-cl.jpg,2,3,54