name,image_url,design_color_id,typical_beer_id,alcohol_level,user_id,beer_family_id,heroku 
Cascadian East 33 cl,https://vandb-vandb-fr-storage.omn.proximis.com/Imagestorage/imagesSynchro/335/335/b0498dff0eff3e644a3b22055a461af8c6e2c074_BBO033267_1.png,3,28,5.4,2,4,
Morgane 33 cl,https://vandb-vandb-fr-storage.omn.proximis.com/Imagestorage/imagesSynchro/335/335/1a958970901ff850b65b7dbfe6e63735b77a73d3_BBO032050_1.png,3,28,5.5,2,4,
Brugse Zot 33 cl,https://vandb-vandb-fr-storage.omn.proximis.com/Imagestorage/imagesSynchro/335/335/b8e5d91b04a96f5f46ff5a11a0452221fb1607fe_BBO030398_1.png,3,28,6,2,4,
John Martin's Pale Ale,https://vandb-vandb-fr-storage.omn.proximis.com/Imagestorage/imagesSynchro/335/335/2e22d48999e87417e7a910e34c60dc9ac82c2c2e_BBO031987_1.png,5,28,5.8,2,4,
Lancelot  33cl,https://vandb-vandb-fr-storage.omn.proximis.com/Imagestorage/imagesSynchro/335/335/42720026fde6e5e5b82a2f7002555d0d77d6e15d_BBO032015_1.png,3,28,6,2,4,
Tak 33cl,https://vandb-vandb-fr-storage.omn.proximis.com/Imagestorage/imagesSynchro/335/335/79de62d29be98dc057d8255a2ca06b15985f98d4_BBO030258_1.png,3,28,5.5,2,4,
Dead Pony Club 33 cl,https://vandb-vandb-fr-storage.omn.proximis.com/Imagestorage/imagesSynchro/335/335/9fb95aa6a34ab8213cd72d45b402a9efd2f4109a_BBO030345_1.png,3,28,3.8,2,4,
Orange Mécanique 33 cl,https://vandb-vandb-fr-storage.omn.proximis.com/Imagestorage/imagesSynchro/335/335/0c867eab47355d984377dc5006ee549f8aae02c2_BBO032673_1.png,3,28,7,2,4,
Vagabond 33 cl,https://vandb-vandb-fr-storage.omn.proximis.com/Imagestorage/imagesSynchro/335/335/a28fe231c7f5212d43ec503db1b79b981ffce97d_BBO030357_1.png,3,28,4.5,2,4,
Lorita 33cl,https://vandb-vandb-fr-storage.omn.proximis.com/Imagestorage/imagesSynchro/335/335/858eb152c044178a2669d340477230b28fccab47_BCA034134_1.png,3,28,4.7,2,4,
Dremmwel Blonde 33cl,https://vandb-vandb-fr-storage.omn.proximis.com/Imagestorage/imagesSynchro/335/335/818c90e23d68a2c4f7f8377fe7312ada93224213_BBO031938_1.png,3,28,5,2,4,
Ar-Men Blonde 33 cl,https://vandb-vandb-fr-storage.omn.proximis.com/Imagestorage/imagesSynchro/335/335/eda172e78c60e2a82232bcc6f70e9b57ce4aeef8_BBO030166_1.png,3,28,5,2,4,
Ar-Men Dorée 33 cl,https://vandb-vandb-fr-storage.omn.proximis.com/Imagestorage/imagesSynchro/335/335/0abe08658e861497bc57b8e6ba846732b24b01d5_BBO030168_1.png,3,28,7.7,2,4,
Pfungstadter Edelpils Premium Edition Mondial 2022 33 cl,https://vandb-vandb-fr-storage.omn.proximis.com/Imagestorage/imagesSynchro/335/335/7e7fe9479c530c4e159bfe91a1c0daad22a9e1dc_BBO044662_1.png,3,7,4.9,2,10,
Mini-fût Ginette Refreshing Blond 6L,https://vandb-vandb-fr-storage.omn.proximis.com/Imagestorage/imagesSynchro/335/335/e453aa40e716811ea042590b1927cee4aa27a507_BMI038975_1.png,3,7,4.5,2,10,
Pfungstadter Edelpils Premium 50 cl,https://vandb-vandb-fr-storage.omn.proximis.com/Imagestorage/imagesSynchro/335/335/eccf59d560c6d5e81b89e147fabd3aa71df3c605_BBO041124_1.png,3,7,4.9,2,10,
Mini-Fût Leffe la Légère 6L,https://vandb-vandb-fr-storage.omn.proximis.com/Imagestorage/imagesSynchro/335/335/8dec7499169d26e9559e7f6348b2d63a5b4102f2_BMI038978_1.png,3,7,5,2,10,
Pfungstadter Edelpils Premium  33 cl,https://vandb-vandb-fr-storage.omn.proximis.com/Imagestorage/imagesSynchro/335/335/04ba46d827f517e7488565a3c43b249a9805339b_BBO041114_1.png,3,7,4.9,2,10,
Mini-fût Krombacher Pils 5L,https://vandb-vandb-fr-storage.omn.proximis.com/Imagestorage/imagesSynchro/335/335/f19d68f242958ee31065f9bbe1fb3c47582e343f_BMI039085_1.png,3,7,4.8,2,10,
Mini-fût Beck's Pils 6L,https://vandb-vandb-fr-storage.omn.proximis.com/Imagestorage/imagesSynchro/335/335/1be89bd49497a19a58b0c9a2325f7c3212979890_BMI032183_1.png,3,7,4.9,2,10,
New Pils on The Block 33 cl,https://vandb-vandb-fr-storage.omn.proximis.com/Imagestorage/imagesSynchro/335/335/b271f882c30c8bad200c2ceaa05074f180eba3ef_BCA037083_1.png,3,7,4.7,2,10,
Dog's Life 44cl,https://vandb-vandb-fr-storage.omn.proximis.com/Imagestorage/imagesSynchro/335/335/4c9702f3ef8b4e4126cd3ecd0e6836a97fc259b0_BCA038167_1.png,3,7,5,2,10,
Pils Over The Phone 44 cl,https://vandb-vandb-fr-storage.omn.proximis.com/Imagestorage/imagesSynchro/335/335/a478857b9f5a962b3db1220a3a12a8faca2fb283_BCA038166_1.png,3,7,5,2,10,
Mönchshof Original 50 cl,https://vandb-vandb-fr-storage.omn.proximis.com/Imagestorage/imagesSynchro/335/335/434bed8b560850fa6efc26576dba99d7f8b09086_BBO037574_1_.png,3,7,4.9,2,10,
45 Days Organic Pilsner 33cl,https://vandb-vandb-fr-storage.omn.proximis.com/Imagestorage/imagesSynchro/335/335/dab99563c563493a8accacfd8542db6dc60136b7_BCA037525_1.png,3,7,4.7,2,10,
Mini-fût Hertog Jan 6L,https://vandb-vandb-fr-storage.omn.proximis.com/Imagestorage/imagesSynchro/335/335/61b1ed9af6436d70710645dbf577d3666973eeaf_BMI033067_1.png,3,7,5.1,2,10,
Mini-fût Diekirch Premium 6L,https://vandb-vandb-fr-storage.omn.proximis.com/Imagestorage/imagesSynchro/335/335/51a7d8eeecb3909b2c0cf41fd93f9b035a0ab6a1_BMI032187_1.png,3,7,4.8,2,10,
Krombacher Pils Alkoholfrei 33 cl,https://vandb-vandb-fr-storage.omn.proximis.com/Imagestorage/imagesSynchro/335/335/b0b48b35205919dca1bd3d016bd3b334a7710757_ZBI036977_1.png,3,7,0,2,10,
Mini-fût Bitburger 5L,https://vandb-vandb-fr-storage.omn.proximis.com/Imagestorage/imagesSynchro/335/335/392b74bc9a062857b5f6040291d80e6b0b1b217c_BMI032184_1.png,3,7,4.8,2,10,
Weihenstephaner Pilsner 50 cl,https://vandb-vandb-fr-storage.omn.proximis.com/Imagestorage/imagesSynchro/335/335/73bf7124ae2247531294b2a1cd0b753370b4622b_BBO032136_1.png,3,7,5.1,2,10,
Rothaus Eiszäpfle 33cl,https://vandb-vandb-fr-storage.omn.proximis.com/Imagestorage/imagesSynchro/335/335/7fd6046b4cc3661ddabb608c1592ac07b5e01281_BBO032095_1.png,3,7,5.6,2,10,
Pilsner Urquell 33 cl,https://vandb-vandb-fr-storage.omn.proximis.com/Imagestorage/imagesSynchro/335/335/f0e3ba19832cfd613300aa05e2531ed9e418b9b0_BBO032071_1.png,3,7,4.4,2,10,
Warsteiner 33cl,https://vandb-vandb-fr-storage.omn.proximis.com/Imagestorage/imagesSynchro/335/335/4d818bc4d0a3dc05f34014189df1388b2bb208bb_BBO032127_1.png,3,7,4.8,2,10,
Veltins 50 cl,https://vandb-vandb-fr-storage.omn.proximis.com/Imagestorage/imagesSynchro/335/335/4d4a279e1f33798ba4611c96bc52e9a701fe89f7_BBO032125_1.png,3,7,4.8,2,10,
Warsteiner 50 cl,https://vandb-vandb-fr-storage.omn.proximis.com/Imagestorage/imagesSynchro/335/335/8e4946a2a243f9bee87ab85a64e76df2dcee55c2_BBO032126_1.png,3,7,4.8,2,10,
Krombacher Pils 33cl,https://vandb-vandb-fr-storage.omn.proximis.com/Imagestorage/imagesSynchro/335/335/3f99b75d54341a32b1a04558ce2632b8a1209dde_BBO032004_1.png,3,7,4.8,2,10,
Bitburger 33cl,https://vandb-vandb-fr-storage.omn.proximis.com/Imagestorage/imagesSynchro/335/335/8731b9ac08431a0f677f11c7677d719860bafd26_BBO030271_1.png,3,7,4.8,2,10,
Dodo Bourbon 33 cl,https://vandb-vandb-fr-storage.omn.proximis.com/Imagestorage/imagesSynchro/335/335/fe0fcb23544433833b675661a6d1655032fa2067_BBO031937_1.png,3,7,5,2,10,
Jever Pilsener 50cl,https://vandb-vandb-fr-storage.omn.proximis.com/Imagestorage/imagesSynchro/335/335/4f645b2cf110a75c7a332e8771596edb52fcc296_BBO031986_1.png,3,7,4.9,2,10,
Bitburger 50cl,https://vandb-vandb-fr-storage.omn.proximis.com/Imagestorage/imagesSynchro/335/335/e95f70e90b6865a56c392e718cb159d66b39305d_BBO030272_1.png,3,7,4.8,2,10,
Beck's 50cl,https://vandb-vandb-fr-storage.omn.proximis.com/Imagestorage/imagesSynchro/335/335/6fe48a596d62e602966bded4fb7d3eef3e3e1ab8_BBO030222_1.png,3,7,4.9,2,10,
Beck's 33cl,https://vandb-vandb-fr-storage.omn.proximis.com/Imagestorage/imagesSynchro/335/335/c1258a0c539013905cb35848e2a019928c710d85_BBO030221_1.png,3,7,4.9,2,10,
Hide and Seek 33 cl,https://vandb-vandb-fr-storage.omn.proximis.com/Imagestorage/imagesSynchro/335/335/58e5ca75bf2f5757713f8df62a496ca07fd33919_BCA044315_1.png,1,32,8,2,8,
Guinness West Indies Porter 50 cl,https://vandb-vandb-fr-storage.omn.proximis.com/Imagestorage/imagesSynchro/335/335/d4c879fbcf823527fe6ba1d90385742c0a1ec790_BBO041521_1.png,7,32,6,2,8,
Java Porter 33 cl,https://vandb-vandb-fr-storage.omn.proximis.com/Imagestorage/imagesSynchro/335/335/2cfbe003a4272d1347f825b4eefda784acfa4611_BCA039021_1.png,1,32,5,2,8,
Dernière Récolte 33 cl,https://vandb-vandb-fr-storage.omn.proximis.com/Imagestorage/imagesSynchro/335/335/599e5c9acc38513aefdde2dd30b25298f0b61a46_BBO039344_1.png,1,32,8.2,2,8,
Pablo's Coffee Porter 35cl,https://vandb-vandb-fr-storage.omn.proximis.com/Imagestorage/imagesSynchro/335/335/c248843546ca5b486625c9d6858ea76f76c14a01_BCA038131_1.png,1,32,6.5,2,8,
Nitro Quad 30 cl,https://vandb-vandb-fr-storage.omn.proximis.com/Imagestorage/imagesSynchro/335/335/e39f9a408d76c1b423cb74260770bdcae8ce2fc7_BCA038408_1.png,1,32,5.7,2,8,
Peanut Butter Graham Cracker Porter 35cl,https://vandb-vandb-fr-storage.omn.proximis.com/Imagestorage/imagesSynchro/335/335/cef7babf860f0cd8ef0de7687df131a15808b6a7_BCA038092_1.png,1,32,5.6,2,8,
Dark Sea Porter 33cl,https://vandb-vandb-fr-storage.omn.proximis.com/Imagestorage/imagesSynchro/335/335/acdf50659fb33696028024df4c03d1628d781936_BBO037827_1.png,1,32,7.1,2,8,
Graham Cracker 35cl,https://vandb-vandb-fr-storage.omn.proximis.com/Imagestorage/imagesSynchro/335/335/c46ccd2ac581104e24d4d7e329ff6e44da073f03_BBO035477_1.png,1,32,5.6,2,8,
Every Day Carry 33cl,https://vandb-vandb-fr-storage.omn.proximis.com/Imagestorage/imagesSynchro/335/335/f82e046d0790134bbb4a1d43b58eeb9ce50fb91f_BCA036677_1.png,1,32,5,2,8,
Val Dieu Grand Cru 33 cl,https://vandb-vandb-fr-storage.omn.proximis.com/Imagestorage/imagesSynchro/335/335/c97b2f15c7f18ccb4505f1fdb70f6956a202c646_BBO044377_1.png,7,77,10.5,2,19,
La Trappe X Brewdog Practise What You Preach 33 cl,https://vandb-vandb-fr-storage.omn.proximis.com/Imagestorage/imagesSynchro/335/335/cb52b546db0aaccc0d4536bce89838dc852e20e9_BBO041848_1.png,5,77,10,2,19,
La Trappe X Brewdog Practise What You Preach 75 cl,https://vandb-vandb-fr-storage.omn.proximis.com/Imagestorage/imagesSynchro/335/335/ef91121c909ebcb559de71c4a092ee4f453f5e5c_BBO041561_1.png,5,77,10,2,19,
Malheur 12 33 cl,https://vandb-vandb-fr-storage.omn.proximis.com/Imagestorage/imagesSynchro/335/335/43efdb363d62edc18950ef3cd83a9a97b1f71b79_BBO041112_1.png,7,77,11.5,2,19,
La Corne du Bois des Pendus Quadruple 33 cl,https://vandb-vandb-fr-storage.omn.proximis.com/Imagestorage/imagesSynchro/335/335/6e9f20383bf3dec84b2a4315ad9e850359fdb36e_BBO039260_1.png,7,77,12,2,19,
Saint Feuillien Quadruple 33 cl,https://vandb-vandb-fr-storage.omn.proximis.com/Imagestorage/imagesSynchro/335/335/c63af1a67e36ba89b12651ac1f380c0cc0dbae6a_BBO041111_1.png,7,77,11,2,19,
"Magnum Saint Bernardus Abt 12 Edition 2021 1,5l",https://vandb-vandb-fr-storage.omn.proximis.com/Imagestorage/imagesSynchro/335/335/6fc18ca45dc2c268f7b7cd58f64808e28781af2d_BBO038373_1.png,7,77,10,2,19,
Contenu Explicite 33cl,https://vandb-vandb-fr-storage.omn.proximis.com/Imagestorage/imagesSynchro/335/335/541cf4c2b8392f1eb9effae08b935af6d59e1a64_13873BBO037564.png,5,77,10,2,19,
"Magnum Trappe Quadrupel 1,5l",https://vandb-vandb-fr-storage.omn.proximis.com/Imagestorage/imagesSynchro/335/335/71d6991253b97514d018b7d82245c882ce975077_BBO037501_1.png,5,77,10,2,19,
Rochefort 10 33cl,https://vandb-vandb-fr-storage.omn.proximis.com/Imagestorage/imagesSynchro/335/335/ae9864bc78ebbb14c85f6f3ea03b51b6db39a873_BBO032092_1.png,7,77,11.3,2,19,
Saint Bernardus Abt 12 33 cl,https://vandb-vandb-fr-storage.omn.proximis.com/Imagestorage/imagesSynchro/335/335/69e7aad6f1f0fcdc5ab1917a8fe2a2b88104ba85_BBO032100_1.png,7,77,10,2,19,
Straffe Hendrik Quadruppel 33 cl,https://vandb-vandb-fr-storage.omn.proximis.com/Imagestorage/imagesSynchro/335/335/fb41d2fbcb6538fe5976ecb06e20592f213acacc_BBO032631_1.png,7,77,11,2,19,
La Trappe Quadrupel 33 cl,https://vandb-vandb-fr-storage.omn.proximis.com/Imagestorage/imagesSynchro/335/335/2a8fb5abee2efd3a6790433a427596ee1e3461cb_BBO032012_1.png,7,77,10,2,19,
Gulden Draak 9000 33 cl,https://vandb-vandb-fr-storage.omn.proximis.com/Imagestorage/imagesSynchro/335/335/017c987b0a9e1be78e10f9258420c9ffc10514f9_BBO031979_1.png,5,77,10.5,2,19,
Kasteel Barista 33 cl,https://vandb-vandb-fr-storage.omn.proximis.com/Imagestorage/imagesSynchro/335/335/ca2d6c3bd6addee7c5215b3e1f0dc4f8b602eeb5_BBO033737_1.png,1,77,11,2,19,
Smoke on the Water 33cl,https://vandb-vandb-fr-storage.omn.proximis.com/Imagestorage/imagesSynchro/335/335/50ce9d028cc1e03dadd08d65160a04432988bf44_BBO033003_1.png,3,14,6,2,16,
Aecht Schlenkerla Rauchbier Märzen 50 cl,https://vandb-vandb-fr-storage.omn.proximis.com/Imagestorage/imagesSynchro/335/335/16a464a2daab688d1b0d72b8d10fb02ab9efab17_BBO030131_1.png,1,14,5.1,2,16,
Yule Christmas Ale 33 cl,https://vandb-vandb-fr-storage.omn.proximis.com/Imagestorage/imagesSynchro/335/335/5608b071dcac9e7e1701b32aaee0c60d8ae3dae2_BCA044369_1.png,5,62,6.8,2,4,
Rodenbach Grand Cru 33cl,https://vandb-vandb-fr-storage.omn.proximis.com/Imagestorage/imagesSynchro/335/335/71d57617a390cc737cd0fcdde9f3d78dc9192e28_BBO032094_1.png,7,62,6,2,4,
Rodenbach Classic 25cl,https://vandb-vandb-fr-storage.omn.proximis.com/Imagestorage/imagesSynchro/335/335/c9d9c9a3801669d8c157dbe88a912a695afe4e79_BBO032093_1.png,7,62,5.2,2,4,
Kilkenny 33 cl,https://vandb-vandb-fr-storage.omn.proximis.com/Imagestorage/imagesSynchro/335/335/95193f644a71ba8a71d11bfacd53a254388179ae_BBO031998_1.png,11,62,4.2,2,4,
Un Poisson Nommé Passion 33 cl,https://vandb-vandb-fr-storage.omn.proximis.com/Imagestorage/imagesSynchro/335/335/32f4738f3a8db3476e2a66f50d867f3de1c19b8e_BBO044290_1.png,3,51,6,2,3,
Trêve 75 cl,https://vandb-vandb-fr-storage.omn.proximis.com/Imagestorage/imagesSynchro/335/335/5bf0d0fa6ebc9a02210475f35d8c0ac1ee80f92f_BBO043933_1.png,3,51,5.4,2,3,
Halte 75 cl,https://vandb-vandb-fr-storage.omn.proximis.com/Imagestorage/imagesSynchro/335/335/3957c60350b69422e0b95969841ad269da613174_BBO043935_1.png,3,51,4.2,2,3,
Courson 75 cl,https://vandb-vandb-fr-storage.omn.proximis.com/Imagestorage/imagesSynchro/335/335/f75d7b04f5b5651543a05953dcac4b7e818dfe1f_BBO043910_1.png,3,51,5.6,2,3,
Bivouac 75 cl,https://vandb-vandb-fr-storage.omn.proximis.com/Imagestorage/imagesSynchro/335/335/11850daa23df5fbd32f51fcbd1b87a2812788ef9_BBO043936_1.png,3,51,6.9,2,3,
3 Monts Bière Nouvelle 33 cl,https://vandb-vandb-fr-storage.omn.proximis.com/Imagestorage/imagesSynchro/335/335/29d1055795ae1b432adb3a2968466cb40ce4251e_BBO041947_1.png,3,51,7.5,2,3,
1984 33cl,https://vandb-vandb-fr-storage.omn.proximis.com/Imagestorage/imagesSynchro/335/335/0509851e45918e4471180480c74dca5d8d443a8b_BBO038603_1.png,3,51,6.5,2,3,
Solstice 33 cl,https://vandb-vandb-fr-storage.omn.proximis.com/Imagestorage/imagesSynchro/335/335/61f6c4663b5a38268b4aafa4ee5455b11c01b5c9_BBO038960_1.png,3,51,6,2,3,
Muse 33 cl,https://vandb-vandb-fr-storage.omn.proximis.com/Imagestorage/imagesSynchro/335/335/d1c91dc9f7b663e7e4c3cb3a7b1396b9a616eb03_BBO041574_1.png,3,51,9.5,2,3,
3 Monts Saison 75 cl,https://vandb-vandb-fr-storage.omn.proximis.com/Imagestorage/imagesSynchro/335/335/9fb5253bef21f30d223633ffbc64c323efba9596_BBO038968_1.png,3,51,6.5,2,3,
3 Monts Saison 33 cl,https://vandb-vandb-fr-storage.omn.proximis.com/Imagestorage/imagesSynchro/335/335/65a8d015e700eb46154fe009c6d339b591c4e94c_BBO038870_1.png,3,51,6.5,2,3,
Enfant Sauvage  33 cl,https://vandb-vandb-fr-storage.omn.proximis.com/Imagestorage/imagesSynchro/335/335/1e60f4188ccb46a79b024381da6f9e72701697ce_BBO039087_1.png,3,51,6.2,2,3,
Saison 1900 33 cl,https://vandb-vandb-fr-storage.omn.proximis.com/Imagestorage/imagesSynchro/335/335/d170b97a47f488b8f1111eaccc4493bae6f28c9b_BBO038865_1.png,3,51,5.4,2,3,
"Colette 35,5 cl",https://vandb-vandb-fr-storage.omn.proximis.com/Imagestorage/imagesSynchro/335/335/8b293429204d980b72ee73a2d7a7c6c3aab2aa5d_BBO038130_1.png,3,51,6.5,2,3,
Saison 53 33 cl,https://vandb-vandb-fr-storage.omn.proximis.com/Imagestorage/imagesSynchro/335/335/da0cf573c50877a048d3988ec1cbca01534ede4c_BBO038484_1.png,3,51,3.5,2,3,
Sur Le Pouce 33cl,https://vandb-vandb-fr-storage.omn.proximis.com/Imagestorage/imagesSynchro/335/335/6dc600291b44d75f2f2c7db1451e8932540bdf3e_BBO037704_1.png,3,51,6,2,3,
Sauvage 2 33cl,https://vandb-vandb-fr-storage.omn.proximis.com/Imagestorage/imagesSynchro/335/335/ca044308a94a2ce9df57b2c3944e30e0ef226aeb_BBO030340_1.png,1,51,6,2,3,
Winter Glory 44 cl,https://vandb-vandb-fr-storage.omn.proximis.com/Imagestorage/imagesSynchro/335/335/fb531b7c88cc1a8845f9dfea1473bd656d7c3de2_BCA037955_1.png,3,51,5.5,2,3,
Fur & Bones 33 cl,https://vandb-vandb-fr-storage.omn.proximis.com/Imagestorage/imagesSynchro/335/335/fcfe1a4fc9a9417ecbc09fe0fda6da41e3836fec_BBO037416_1.png,3,51,5.9,2,3,
Bête-Raves Sauvages 33 cl,https://vandb-vandb-fr-storage.omn.proximis.com/Imagestorage/imagesSynchro/335/335/1bd90c9d7bc8eb2a7f1fbfa6c2121e76e7d67a47_BBO037021_1.png,8,51,5.9,2,3,
Saison Dupont 33 cl,https://vandb-vandb-fr-storage.omn.proximis.com/Imagestorage/imagesSynchro/335/335/753d27d1893dbb652b1e16bae293d0e05bcb88d8_BBO033117_1.png,3,51,5.5,2,3,
Super 8 Saison 33 cl,https://vandb-vandb-fr-storage.omn.proximis.com/Imagestorage/imagesSynchro/335/335/6369ca0a6e741e6376ff16d43ebcf716b2702a97_BBO033358_1.png,3,51,4.8,2,3,
Moinette Bon Voeux 75cl,https://vandb-vandb-fr-storage.omn.proximis.com/Imagestorage/imagesSynchro/335/335/bf722f3351b438c4d05ac54cf1d7b49b8f7a4fb0_BBO032044_1.png,3,51,9.5,2,3,
Mannenliefde 33 cl,https://vandb-vandb-fr-storage.omn.proximis.com/Imagestorage/imagesSynchro/335/335/dc8b528ba64748d10b94db6ea026f5a15a4aae41_BBO033274_1.png,3,51,6,2,3,
Saint Feuillien Saison  33cl,https://vandb-vandb-fr-storage.omn.proximis.com/Imagestorage/imagesSynchro/335/335/1ae788cd4e5ef7948085bc0a3e1a0e9a9bd4b445_BBO032115_1.png,3,51,6.5,2,3,
Saison Surfine 33cl,https://vandb-vandb-fr-storage.omn.proximis.com/Imagestorage/imagesSynchro/335/335/b9fc93661ad5a64944d1722956d211668356568b_BBO032745_1.png,3,51,6.5,2,3,
Little Fawn 33 cl,https://vandb-vandb-fr-storage.omn.proximis.com/Imagestorage/imagesSynchro/335/335/544f6c8a24fb633aadedbf3972ab4e18196d9403_BCA037739_1.png,3,80,4.2,2,4,
Hazyday Hero 33 cl,https://vandb-vandb-fr-storage.omn.proximis.com/Imagestorage/imagesSynchro/335/335/7b59253fef1110289c781bc54f64fb62d882f16d_BCA043905_1.png,3,80,4.2,2,4,
Rollover 33 cl,https://vandb-vandb-fr-storage.omn.proximis.com/Imagestorage/imagesSynchro/335/335/0b42694b52b49b8a9dd0e703ae3bacdebfbb0bdc_BCA041529_1.png,3,80,3.8,2,4,
Kona 33 cl,https://vandb-vandb-fr-storage.omn.proximis.com/Imagestorage/imagesSynchro/335/335/0d1075900659cf50be264d5da350c7b688814ff4_BCA039064_1.png,3,80,4,2,4,
Neck Oil 33 cl,https://vandb-vandb-fr-storage.omn.proximis.com/Imagestorage/imagesSynchro/335/335/10b2b6423f433c8450f209476ba3ec7a62a61f8f_BCA040905_1.png,3,80,4.3,2,4,
Tropical Rumble 33 cl,https://vandb-vandb-fr-storage.omn.proximis.com/Imagestorage/imagesSynchro/335/335/f202060a097a750e79fc1de13f97fa4e5545db41_BCA037529_1.png,3,80,4.3,2,4,
Soleil Liquide 33 cl,https://vandb-vandb-fr-storage.omn.proximis.com/Imagestorage/imagesSynchro/335/335/494f5b9be77424ccbb7d89507453bd1769ddef4e_BBO037755_1.png,3,80,4,2,4,
Distortion 33cl,https://vandb-vandb-fr-storage.omn.proximis.com/Imagestorage/imagesSynchro/335/335/efae22d4a1cb1a677dc6fd945031974fe6774798_BCA037675_1.png,3,80,4.7,2,4,
Stewart Session IPA 33 cl,https://vandb-vandb-fr-storage.omn.proximis.com/Imagestorage/imagesSynchro/335/335/8842ba94a8aab55525409997e37090abb12eb4d3_BBO030509_1.png,3,80,3.7,2,4,
Pirate Bay 44cl,https://vandb-vandb-fr-storage.omn.proximis.com/Imagestorage/imagesSynchro/335/335/f5754dac95aca448164027feb1dc1c9d188aeb84_BCA037775_1.png,3,80,4.5,2,4,
Clockwork Tangerine  33 cl,https://vandb-vandb-fr-storage.omn.proximis.com/Imagestorage/imagesSynchro/335/335/398e366832b1dfef25c4e5cd9ce5b8f957bcc4ad_BBO030344_1.png,3,80,4.5,2,4,
Cosmo 33cl,https://vandb-vandb-fr-storage.omn.proximis.com/Imagestorage/imagesSynchro/335/335/1e62e143326bc2a3adf156b2758f59ab93d9b53c_BBO037287_1.png,3,80,4.9,2,4,
Alma 33cl,https://vandb-vandb-fr-storage.omn.proximis.com/Imagestorage/imagesSynchro/335/335/32cd5e4f1b8ab809c74bd4c648dd6bdf73ed42fb_BCA037039_1.png,3,80,4.5,2,4,
Lust 4 Life 33 cl,https://vandb-vandb-fr-storage.omn.proximis.com/Imagestorage/imagesSynchro/335/335/4c6d4121eb64037d047cb7cd0c5718981ae3d6de_BBO037121_1.png,3,80,4.5,2,4,
Skianto 33cl,https://vandb-vandb-fr-storage.omn.proximis.com/Imagestorage/imagesSynchro/335/335/7a5b8901826adacba8755e1d93b19917d1df4abb_BBO036653_1.png,3,80,4.3,2,4,
Thirsty Frontier 33cl,https://vandb-vandb-fr-storage.omn.proximis.com/Imagestorage/imagesSynchro/335/335/6d9197aaba43857eac4e626b49039cef84f08838_BBO034051_1.png,3,80,4.5,2,4,
Loomi 33 cl,https://vandb-vandb-fr-storage.omn.proximis.com/Imagestorage/imagesSynchro/335/335/1c5363e66fb14747e9d4c2eef49c2a3a04662547_BBO043869_1.png,3,81,4.6,2,2,
Grippe Sou 33 cl,https://vandb-vandb-fr-storage.omn.proximis.com/Imagestorage/imagesSynchro/335/335/66196b2a8a9d773699348e2daa317e9da0fa8d53_BBO044326_1.png,8,81,6,2,2,
Cerise 75 cl,https://vandb-vandb-fr-storage.omn.proximis.com/Imagestorage/imagesSynchro/335/335/91d7f56f751c0cbd923f12fa22736f19bdfad3ce_BBO043939_1.png,8,81,7,2,2,
Petite Cerise 75 cl,https://vandb-vandb-fr-storage.omn.proximis.com/Imagestorage/imagesSynchro/335/335/594dcb9634c6771c09006d8526e2782b26d7140c_BBO043938_1.png,8,81,4.2,2,2,
Tart Attack Lime Crime 33cl,https://vandb-vandb-fr-storage.omn.proximis.com/Imagestorage/imagesSynchro/335/335/56fa81e20fb3b1aa93090b435d9017b999eeb82a_BCA038962_1.png,3,81,4,2,2,
Sa Majesté 33 cl,https://vandb-vandb-fr-storage.omn.proximis.com/Imagestorage/imagesSynchro/335/335/8feeb981d3bb1fee11c183384afa96b76be1858c_BBO039032_1.png,3,81,6,2,2,
Santa Crüe Sour Mangue Passion 33cl,https://vandb-vandb-fr-storage.omn.proximis.com/Imagestorage/imagesSynchro/335/335/4014aa2a6194cf44fb12a4a175ef656153c67773_BBO039002_1.png,3,81,6,2,2,
Mr Yellow 44cl,https://vandb-vandb-fr-storage.omn.proximis.com/Imagestorage/imagesSynchro/335/335/42ee7cb8c39e52ce6557d45ff109066611199ed8_BCA038858_1.png,3,81,5.5,2,2,
Mr Green 44cl,https://vandb-vandb-fr-storage.omn.proximis.com/Imagestorage/imagesSynchro/335/335/a28a37373f245cdeae0d27a283f7ee5ffc1b2db1_BCA038859_1.png,3,81,5.5,2,2,
Mr Red 44cl,https://vandb-vandb-fr-storage.omn.proximis.com/Imagestorage/imagesSynchro/335/335/8249d85dee605d0f06504df9bd2aa6dca84efe11_BCA038860_1.png,5,81,6.5,2,2,
Passion Tang 33cl,https://vandb-vandb-fr-storage.omn.proximis.com/Imagestorage/imagesSynchro/335/335/04d2e7b529377e77e86ddf26f240825e9638647c_BCA037769_1.png,3,81,7,2,2,
More Mojo 33cl,https://vandb-vandb-fr-storage.omn.proximis.com/Imagestorage/imagesSynchro/335/335/780d459d4d03827b2cee67bb4a56888b68cc4445_BCA038080_1.png,3,81,4.3,2,2,
Tropical Rush Rider 44cl,https://vandb-vandb-fr-storage.omn.proximis.com/Imagestorage/imagesSynchro/335/335/9bd4e4455c7f93123e03c457e01c9f69999d9020_BCA038286_1.png,3,81,5,2,2,
Ni Dieu Ni Maître Passion 44cl,https://vandb-vandb-fr-storage.omn.proximis.com/Imagestorage/imagesSynchro/335/335/01f735bc9089b3864df3018b3d0687846931293b_BCA038289_1.png,3,81,5.5,2,2,
Santa Cruz Sour Mûre Myrtille et Menthe 44cl,https://vandb-vandb-fr-storage.omn.proximis.com/Imagestorage/imagesSynchro/335/335/38cf87ff07358b55c5bbd7456915847d248ebf91_BCA038292_1.png,8,81,6.5,2,2,
Avarice 44 cl,https://vandb-vandb-fr-storage.omn.proximis.com/Imagestorage/imagesSynchro/335/335/7173556de52cc238c9b577c2a619ad8d487a2a40_BCA038242_1.png,8,81,7.3,2,2,
Luxure 44cl,https://vandb-vandb-fr-storage.omn.proximis.com/Imagestorage/imagesSynchro/335/335/315d97ea5f885f458ff61d5ebacadc98d847fca7_BCA038241_1.png,8,81,7.3,2,2,
The Emperor 33 cl,https://vandb-vandb-fr-storage.omn.proximis.com/Imagestorage/imagesSynchro/335/335/3b8575d1524a282746df458b9e2be5c071ceeb10_BCA037892_1.png,3,81,9,2,2,
La 6 50cl,https://vandb-vandb-fr-storage.omn.proximis.com/Imagestorage/imagesSynchro/335/335/8f100c8c381c1957cbc8617dd7031f0d0cfc8d05_BBO030334_1.png,1,81,6,2,2,
Castaway 44cl,https://vandb-vandb-fr-storage.omn.proximis.com/Imagestorage/imagesSynchro/335/335/022f6ff5056dd7a5c7adebb1b3361e2fc28e561e_BCA037782_1.png,3,81,4.2,2,2,
Great for the Town 44cl,https://vandb-vandb-fr-storage.omn.proximis.com/Imagestorage/imagesSynchro/335/335/0fcbc65d3150169555c6b02bb0d113a68dd83f12_BCA037779_1.png,8,81,4.2,2,2,
Snowed In 33cl,https://vandb-vandb-fr-storage.omn.proximis.com/Imagestorage/imagesSynchro/335/335/4143e95baf888a5919b5c92b3fddd6c4d8674343_BCA037250_1.png,8,81,7,2,2,
Cute & Sober 33 cl,https://vandb-vandb-fr-storage.omn.proximis.com/Imagestorage/imagesSynchro/335/335/a7a46abe5487b69da32aec9b2e62bb6909f75f00_ZBI037407_1.png,8,81,0.5 ,2,2,
Cherryleader 33cl,https://vandb-vandb-fr-storage.omn.proximis.com/Imagestorage/imagesSynchro/335/335/12fd49e1b2efbf45c04054a0a782917624c9d53c_BCA037405_1.png,8,81,10,2,2,
Hazy Diamond 33cl,https://vandb-vandb-fr-storage.omn.proximis.com/Imagestorage/imagesSynchro/335/335/ced29f7b40d6d2a4f023cc42eeff4b8f205138e3_BCA037409_1.png,3,81,5,2,2,
Mango Rising 44cl,https://vandb-vandb-fr-storage.omn.proximis.com/Imagestorage/imagesSynchro/335/335/97e5ce85abcfcde5fbae652ef051c2c5f5415538_BCA037267_1.png,8,81,4.5,2,2,
Queue de Charrue Vieille Brune 75cl,https://vandb-vandb-fr-storage.omn.proximis.com/Imagestorage/imagesSynchro/335/335/5d42593100d8656f1322a0a97e4876cc93f198d2_BBO033107_1.png,7,81,5.4,2,2,
Polyamorie 33cl,https://vandb-vandb-fr-storage.omn.proximis.com/Imagestorage/imagesSynchro/335/335/1abdb27a4bc09f19503ed47cb46e89f20a5502c5_BBO033273_1.png,3,81,5,2,2,
Queue de Charrue Brune 33cl,https://vandb-vandb-fr-storage.omn.proximis.com/Imagestorage/imagesSynchro/335/335/f39e8a179f57a3e97a7f4a8aa96deae99b4df076_BBO032081_1.png,7,81,5.4,2,2,
The Nightcrawler 44 cl,https://vandb-vandb-fr-storage.omn.proximis.com/Imagestorage/imagesSynchro/335/335/bba72e97fdd61a8feaa259721edfbb5ca2f23b77_BCA045313_1.png,7,39,4.5,2,9,
Alexandre The Rye au Chocolat Maître Pâtissier 44 cl,https://vandb-vandb-fr-storage.omn.proximis.com/Imagestorage/imagesSynchro/335/335/7b40e3d75f353c89b6694c452ab6e156cae0a05a_BCA045008_1.png,1,60,8,2,9,
Amburana Mama 33 cl,https://vandb-vandb-fr-storage.omn.proximis.com/Imagestorage/imagesSynchro/335/335/c2d4447d9a649aff28a2b4f4551ca229cc3212ed_BBO043999_1.png,1,60,8,2,9,
Stout Vanille de Madagascar / Fève de Tonka 33 cl,https://vandb-vandb-fr-storage.omn.proximis.com/Imagestorage/imagesSynchro/335/335/9507219b25a3e41189b1d17923bb4068e525a413_BBO043879_1.png,1,40,7,2,9,
Whack & Blite 33 cl,https://vandb-vandb-fr-storage.omn.proximis.com/Imagestorage/imagesSynchro/335/335/e47f93f5d86b97364f39d919a2bf3c1033acc137_BCA043873_1.png,3,40,5,2,9,
Pierre The Coconut Crusher 44 cl,https://vandb-vandb-fr-storage.omn.proximis.com/Imagestorage/imagesSynchro/335/335/e1a5868e5befbc98f6e4ed98fc2c79194a9b8b6d_BCA044802_1.png,1,40,6.9,2,9,
Stout Noisette 33 cl,https://vandb-vandb-fr-storage.omn.proximis.com/Imagestorage/imagesSynchro/335/335/3091cb5bf9395a0995569b91b37b2e9a58356fcb_BBO039062_1.png,1,40,7,2,9,
Petit Flocon 33cl,https://vandb-vandb-fr-storage.omn.proximis.com/Imagestorage/imagesSynchro/335/335/f6f55463ddd15087f3b5e7180196e4c6dd0a4609_BBO038970_1.png,1,40,6,2,9,
La Corne du Bois des Pendus Black 33 cl,https://vandb-vandb-fr-storage.omn.proximis.com/Imagestorage/imagesSynchro/335/335/32ce82ae010cbfa2b618a40ce82980be866a3bac_BBO039262_1.png,1,60,8,2,9,
Café Irlandais 44cl,https://vandb-vandb-fr-storage.omn.proximis.com/Imagestorage/imagesSynchro/335/335/a85581cf6b0e862f68d6c16d3e3552fd885742f5_BCA038403_1.png,1,60,7,2,9,
Stout & Co 44 cl,https://vandb-vandb-fr-storage.omn.proximis.com/Imagestorage/imagesSynchro/335/335/7df2dc58392acf1f3204ea29bdbd7896606506dc_BCA038402_1.png,1,60,7,2,9,
Stout Sans Alcool,https://vandb-vandb-fr-storage.omn.proximis.com/Imagestorage/imagesSynchro/335/335/59a1fc8044e4a22b17f93d6d74f104c440b8d1a4_ZBI038244_1.png,1,40,0.8 ,2,9,
The Dark Druid 33 cl,https://vandb-vandb-fr-storage.omn.proximis.com/Imagestorage/imagesSynchro/335/335/0069bb5dbb068be6cc35fd77fbe2be8ed40c8aa8_BCA037252_1.png,1,40,5.5,2,9,
Old Engine Oil 33cl,https://vandb-vandb-fr-storage.omn.proximis.com/Imagestorage/imagesSynchro/335/335/186700ab5f5bbcce097c3b4d352f524f737b8f61_BCA037241_1.png,1,40,6,2,9,
L'Heure Noire 33cl,https://vandb-vandb-fr-storage.omn.proximis.com/Imagestorage/imagesSynchro/335/335/34d4f0b2e1d61fc94c050e512b0eb2ec7c496005_BCA037181_1.png,1,60,7.5,2,9,
Blue Edith 33cl,https://vandb-vandb-fr-storage.omn.proximis.com/Imagestorage/imagesSynchro/335/335/b82dba42a9b71f9fe105a7b8ac25b06d1fc68f44_BBO033576_1.png,1,38,5.5,2,9,
Super Vanilla Brew 33cl,https://vandb-vandb-fr-storage.omn.proximis.com/Imagestorage/imagesSynchro/335/335/3cce1ac3385faff9f61a7d284071552ae7e8ad5c_BBO033804_1.png,1,38,5.9,2,9,
Freakaboo 33 cl,https://vandb-vandb-fr-storage.omn.proximis.com/Imagestorage/imagesSynchro/335/335/05840e3d05f535e970614959f22fae61a3fda575_BBO033577_1.png,1,38,8,2,9,
Guinness Extra Stout 33 cl,https://vandb-vandb-fr-storage.omn.proximis.com/Imagestorage/imagesSynchro/335/335/d7499e5f0d30369c5569f11cc0bd6321539cb89c_BBO031973_1.png,1,71,4.1,2,9,
Leroy Stout 33cl,https://vandb-vandb-fr-storage.omn.proximis.com/Imagestorage/imagesSynchro/335/335/9a0f07a91443291092b5e52e17431315c0f30840_BBO032019_1.png,1,37,5,2,9,
St Feuillien Grand Cru Acacia 75 cl,https://vandb-vandb-fr-storage.omn.proximis.com/Imagestorage/imagesSynchro/335/335/145320c3950fbd70dd93c84251a12ff7db367dd2_BBO047289_1.png,3,82,9.5,2,19,
Ommegang 33 cl,https://vandb-vandb-fr-storage.omn.proximis.com/Imagestorage/imagesSynchro/335/335/600b819c651926f608c79f5c89e33f03cfb64757_BBO044337_1.png,3,82,8,2,19,
Mont Hardi d'Hiver 33 cl,https://vandb-vandb-fr-storage.omn.proximis.com/Imagestorage/imagesSynchro/335/335/2a6c1ad026834e0390b8c7db515a13b91cdf448d_BBO043978_1.png,3,82,9.4,2,19,
Val Dieu Excellence 75 cl,https://vandb-vandb-fr-storage.omn.proximis.com/Imagestorage/imagesSynchro/335/335/8f8b9338cae5e5653c452c8542aad8d6eca1bb19_BBO045253_1.png,5,82,12,2,19,
Val Dieu Noël 33 cl,https://vandb-vandb-fr-storage.omn.proximis.com/Imagestorage/imagesSynchro/335/335/82535bb03356690808b9d0483a6129eb96d501d5_BBO043971_1.png,3,82,7,2,19,
Bonsecours Tradition 2L,https://vandb-vandb-fr-storage.omn.proximis.com/Imagestorage/imagesSynchro/335/335/ea219886f4d6bad8440ce3213c4fb8b1dfbc9929_BBO041944_1.png,3,82,8,2,19,
3 Monts Blonde  33 cl,https://vandb-vandb-fr-storage.omn.proximis.com/Imagestorage/imagesSynchro/335/335/bf57e1de605b264d7c4541ea0822ffe3dbf9e1db_BBO038969_1.png,3,82,8.5,2,19,
Malheur 10 33 cl,https://vandb-vandb-fr-storage.omn.proximis.com/Imagestorage/imagesSynchro/335/335/6b5de498c771d1fab2f6d3cbd98deb431b9f6fe9_BBO039455_1.png,3,82,10,2,19,
"Saint Feuillien Grand Cru 1,5 L",https://vandb-vandb-fr-storage.omn.proximis.com/Imagestorage/imagesSynchro/335/335/7928278b2196f5322fd9bc51e3d2e77f0ee43f81_BBO033416_1.png,3,82,9.5,2,19,
3 Monts Héritage Levure 33 cl,https://vandb-vandb-fr-storage.omn.proximis.com/Imagestorage/imagesSynchro/335/335/5ab87c2e3f7c2a7cc617738c76401b30cf1fd327_BBO038872_1.png,3,82,8,2,19,
3 Monts Héritage Levure 75 cl,https://vandb-vandb-fr-storage.omn.proximis.com/Imagestorage/imagesSynchro/335/335/11f47da6e06860c16e9185d0c9d193abbe528fa9_BBO038871_1.png,3,82,8,2,19,
Chimay 150 33 cl,https://vandb-vandb-fr-storage.omn.proximis.com/Imagestorage/imagesSynchro/335/335/ed7403aa7cdc79ef6d3182485d57a09ef36b0f8f_BBO039105_1.png,3,82,10,2,19,
Delirium Tremens 75 cl,https://vandb-vandb-fr-storage.omn.proximis.com/Imagestorage/imagesSynchro/335/335/84c08437a4278f985041ccce1bceb78ede17fc5e_BBO039297_1.png,3,82,8.5,2,19,
"Levrette Grand Cru 1,5 L",https://vandb-vandb-fr-storage.omn.proximis.com/Imagestorage/imagesSynchro/335/335/54852a7cc969b2072c6a6dd3e3349268aa97020b_BBO032833_1.png,3,82,8.9,2,19,
Piraat Rhum Barrel Aged 75 cl,https://vandb-vandb-fr-storage.omn.proximis.com/Imagestorage/imagesSynchro/335/335/ded174bea397d4285ef3c44bf8c0743313415e2f_BBO038381_1.png,3,82,10.5,2,19,
Gulden Draak Cuvée Prestige Bourbon Barrel Aged 75 cl,https://vandb-vandb-fr-storage.omn.proximis.com/Imagestorage/imagesSynchro/335/335/3a2fa0abbe8a855116648f9ff82a7aafd2dbfc40_BBO038382_1.png,7,82,10.5,2,19,
Gulden Draak Cuvée Prestige Laphroaig Barrel Aged 75 cl,https://vandb-vandb-fr-storage.omn.proximis.com/Imagestorage/imagesSynchro/335/335/59d28f8c4f7cd660a356cfbc0c83e46b83ed6b18_BBO038383_1.png,7,82,10.5,2,19,
Gulden Draak Calvados Barrel Aged 75 cl,https://vandb-vandb-fr-storage.omn.proximis.com/Imagestorage/imagesSynchro/335/335/20913fea38bc56fb87065c5a6b0913f07e4bd528_BBO038380_1.png,7,82,10.5,2,19,
Duvel Tripel Hop Cashmere 33 cl,https://vandb-vandb-fr-storage.omn.proximis.com/Imagestorage/imagesSynchro/335/335/11874c6bf02090834ecc2c87852fe598f40b13ff_BBO038757_1.png,3,82,9.5,2,19,
Chouffe V and B 33 cl,https://vandb-vandb-fr-storage.omn.proximis.com/Imagestorage/imagesSynchro/335/335/f985f2ad2758125b5fb667923a16f41b1eb2de66_BBO038576_1.png,3,82,8,2,19,
La Guillotine 33 cl,https://vandb-vandb-fr-storage.omn.proximis.com/Imagestorage/imagesSynchro/335/335/20dda3f2fcd461a0684f51db1d6c5be54bbaec2f_BBO038694_1.png,3,82,8.5,2,19,
Delirium Tremens 33 cl,https://vandb-vandb-fr-storage.omn.proximis.com/Imagestorage/imagesSynchro/335/335/0faa9cdd949ae0c188c1787bfa0305d68e52bf45_BBO038693_1.png,3,82,8.5,2,19,
Mère Noël 33 cl,https://vandb-vandb-fr-storage.omn.proximis.com/Imagestorage/imagesSynchro/335/335/e9448596fde2a55d8d42cf16d947029d6f77d53c_BBO038683_1.png,3,82,8.5,2,19,
Walk Of Death 44 cl,https://vandb-vandb-fr-storage.omn.proximis.com/Imagestorage/imagesSynchro/335/335/6c96cdc31d990ca3022cb9462333e6c2ac378ad2_BCA038469_1.png,3,82,8,2,19,
Gouden Carolus Imperial Blond 75cl,https://vandb-vandb-fr-storage.omn.proximis.com/Imagestorage/imagesSynchro/335/335/954d4e57a7aa11b89e1b28a3e2534668213aea91_BBO030417_1.png,3,82,10,2,19,
Carolus Cuvée Keizer Whisky Infused  75cl,https://vandb-vandb-fr-storage.omn.proximis.com/Imagestorage/imagesSynchro/335/335/d4133af3ac43f2fd89b56c878e20f5fb1d18a5ba_BBO030419_1.png,5,82,11.7,2,19,
Mille 33cl,https://vandb-vandb-fr-storage.omn.proximis.com/Imagestorage/imagesSynchro/335/335/51b55ea6dd463fd2e09c5b94e5360a7591a5240b_BBO030326_1.png,3,82,6.5,2,19,
Gouden Carolus Indulgence Mbingu Gold 75cl,https://vandb-vandb-fr-storage.omn.proximis.com/Imagestorage/imagesSynchro/335/335/2d1d401fc6a8297a6fdbd4bc6c11e899c7d90eb9_BBO038157_1_.png,3,82,9,2,19,
Mini-fût Leffe Rituel 9% 6L,https://vandb-vandb-fr-storage.omn.proximis.com/Imagestorage/imagesSynchro/335/335/ee9e3f5f68ad377187b00f2401ec0ed8b3daabad_BMI032205_1.png,3,82,9,2,19,
Mini-fût Leffe Royale Whitbread Golding 6L,https://vandb-vandb-fr-storage.omn.proximis.com/Imagestorage/imagesSynchro/335/335/77f86dd0c8214d8863bda241197b8a0de2a09b59_BMI032222_1.png,5,82,7.5,2,19,
Bonsecours de Noël 33 cl,https://vandb-vandb-fr-storage.omn.proximis.com/Imagestorage/imagesSynchro/335/335/3cdb7c41b91a939969eff97122c4183a9ae6142b_BBO037844_1.png,3,82,9,2,19,
Deus Brut Des Flandres 75cl,https://vandb-vandb-fr-storage.omn.proximis.com/Imagestorage/imagesSynchro/335/335/b6f9876c9762cd66304402d79d5ee2a1cd8511c6_BBO031935_1.png,3,82,11.5,2,19,
"Big Chouffe 1,5l",https://vandb-vandb-fr-storage.omn.proximis.com/Imagestorage/imagesSynchro/335/335/2ec4633b9880123197a4d48c2a07f8720b517a4a_BBO030270_1.png,3,82,8,2,19,
Gulden Draak Brewmaster 33 cl,https://vandb-vandb-fr-storage.omn.proximis.com/Imagestorage/imagesSynchro/335/335/639f0f2a9c3cac9af9f17f88771ebd7a367e1246_BBO033726_1.png,5,82,10.5,2,19,
Bonsecours Tradition 33 cl,https://vandb-vandb-fr-storage.omn.proximis.com/Imagestorage/imagesSynchro/335/335/045d1e128a84b70ac2df67c108f8174d0ffc2345_BBO030300_1.png,3,82,8,2,19,
Duvel Tripel Hop Citra 33 cl,https://vandb-vandb-fr-storage.omn.proximis.com/Imagestorage/imagesSynchro/335/335/504f5d77f3b53c95a0459c87d4eae803ccadf957_BBO034129_1.png,3,82,9.5,2,19,
La Montagnarde 33cl,https://vandb-vandb-fr-storage.omn.proximis.com/Imagestorage/imagesSynchro/335/335/35bef5f32199b1d1f6aaf65c760d478644202cdd_BBO032899_1.png,5,82,9,2,19,
Rochefort 8 33cl,https://vandb-vandb-fr-storage.omn.proximis.com/Imagestorage/imagesSynchro/335/335/290fab9d4622869908024e32f7e759328b88bdd2_BBO032091_1.png,7,82,9.2,2,19,
La Chouffe 75cl,https://vandb-vandb-fr-storage.omn.proximis.com/Imagestorage/imagesSynchro/335/335/dcebeb0506f3cd73e1eb7d8f006d8bd0fb14252f_BBO033433_1.png,3,82,8,2,19,
Quintine Ambrée 33cl,https://vandb-vandb-fr-storage.omn.proximis.com/Imagestorage/imagesSynchro/335/335/f93b437023685b7267a295265926b2fc3f65fe37_BBO032086_1.png,5,82,8.5,2,19,
Saint Feuillien Grand Cru 75 cl,https://vandb-vandb-fr-storage.omn.proximis.com/Imagestorage/imagesSynchro/335/335/0bd42d051c789647eaf3587b22e797ae2c79f1e8_BBO032117_1.png,3,82,9.5,2,19,
Moinette Blonde 33cl,https://vandb-vandb-fr-storage.omn.proximis.com/Imagestorage/imagesSynchro/335/335/828a4426d4ba531397daf6477090f967b55dc9b7_BBO032037_1.png,3,82,8.5,2,19,
Quintine Blonde 33cl,https://vandb-vandb-fr-storage.omn.proximis.com/Imagestorage/imagesSynchro/335/335/938d34609446d78a5b7ef4639df9a60464ba7ef4_BBO032087_1.png,3,82,8,2,19,
Charles Quint Rouge Rubis 75cl,https://vandb-vandb-fr-storage.omn.proximis.com/Imagestorage/imagesSynchro/335/335/56e8dc69f348ed11b1f4decc587ca8045256b4b7_BBO030437_1.png,8,82,8.5,2,19,
Duvel 75cl,https://vandb-vandb-fr-storage.omn.proximis.com/Imagestorage/imagesSynchro/335/335/02513a4ded6d281cc44beff675e69b6cea59fab8_BBO031943_1.png,3,82,8.5,2,19,
Rince Cochon 33 cl,https://vandb-vandb-fr-storage.omn.proximis.com/Imagestorage/imagesSynchro/335/335/88d16251f543e03499db280dea4ee13815fd6915_BBO032096_1.png,3,82,8.5,2,19,
Charles Quint Blonde Dorée 33 cl,https://vandb-vandb-fr-storage.omn.proximis.com/Imagestorage/imagesSynchro/335/335/938f480082004ee0feacca58a527d00caf144a2d_BBO030433_1.png,3,82,8.5,2,19,
Lupulus Blonde 75cl,https://vandb-vandb-fr-storage.omn.proximis.com/Imagestorage/imagesSynchro/335/335/5acbeb88cd3cf248fec93ded6953677ab780cb10_BBO032026_1.png,3,82,8.5,2,19,
Duvel 33 cl,https://vandb-vandb-fr-storage.omn.proximis.com/Imagestorage/imagesSynchro/335/335/cebf34977f6b3f3f0c1feb6eb8f30c72bbf65b1f_BBO031942_1.png,3,82,8.5,2,19,
Charles Quint Rouge Rubis 33 cl,https://vandb-vandb-fr-storage.omn.proximis.com/Imagestorage/imagesSynchro/335/335/9966406b72126ea0f9202b100476bd22427a8dd7_BBO030435_1.png,8,82,8.5,2,19,
La Chouffe 33 cl,https://vandb-vandb-fr-storage.omn.proximis.com/Imagestorage/imagesSynchro/335/335/c37951080e47237284ca7e72fc2f85b2a9ccf5ee_BBO032022_1.png,3,82,8,2,19,
Charles Quint Blonde Dorée 75 cl,https://vandb-vandb-fr-storage.omn.proximis.com/Imagestorage/imagesSynchro/335/335/41ffe9ac365d8a46bdc8efcc85b675f1558ab332_BBO030434_1.png,3,82,8.5,2,19,
Fruit Défendu 33cl,https://vandb-vandb-fr-storage.omn.proximis.com/Imagestorage/imagesSynchro/335/335/1596af599591cf4033e88d5d64a3eb7fd2a6c15f_BBO031964_1.png,7,82,8.5,2,19,
Achel blonde 33 cl,https://vandb-vandb-fr-storage.omn.proximis.com/Imagestorage/imagesSynchro/335/335/da3f9322f290f31af1afd5277d9d24eebd3ecaa7_BBO030063_1.png,3,82,8,2,19,
Barbar 33cl,https://vandb-vandb-fr-storage.omn.proximis.com/Imagestorage/imagesSynchro/335/335/6d3a062701555ed6c093ed7dad746b27bae1a88a_BBO030187_1.png,3,82,8,2,19,
Hoegaarden Grand Cru 33cl,https://vandb-vandb-fr-storage.omn.proximis.com/Imagestorage/imagesSynchro/335/335/fe5200f9a0a3697a1d761d53bb3f684ee9b6c6ee_BBO031984_1.png,3,82,8.5,2,19,
Piraat 33cl,https://vandb-vandb-fr-storage.omn.proximis.com/Imagestorage/imagesSynchro/335/335/481317459365c0523d70b5abfec9ffcbd284b435_BBO032072_1.png,5,82,10.5,2,19,
Bush Caractère 33cl,https://vandb-vandb-fr-storage.omn.proximis.com/Imagestorage/imagesSynchro/335/335/69c67c7c0fd5cbe30ea55d77f036ca23cf38223d_BBO030402_1.png,5,82,12,2,19,
Gulden Draak 75 cl,https://vandb-vandb-fr-storage.omn.proximis.com/Imagestorage/imagesSynchro/335/335/ffb81402c2b8fae2cd76e3c4816b884c5fad9f5c_BBO031975_1.png,7,82,10.5,2,19,
Carolus Ambrio 33 cl,https://vandb-vandb-fr-storage.omn.proximis.com/Imagestorage/imagesSynchro/335/335/d27e4e2ac08803e13460fb523969f91a59bfd70e_BBO030410_1.png,5,82,8,2,19,
Brigand 75 cl,https://vandb-vandb-fr-storage.omn.proximis.com/Imagestorage/imagesSynchro/335/335/b83248a88dcbe27d2323dc8ebef5d16416b9547c_BBO030381_1.png,3,82,9,2,19,
Filou 33 cl,https://vandb-vandb-fr-storage.omn.proximis.com/Imagestorage/imagesSynchro/335/335/f37d5ca505ab361d0dafbe0db4831ab7f3866198_BBO033874_1.png,3,82,8.5,2,19,
Carolus Hopsinjoor 33cl,https://vandb-vandb-fr-storage.omn.proximis.com/Imagestorage/imagesSynchro/335/335/7a4297364954d03b0fa8dd576378eaf42714b450_BBO030420_1.png,3,82,8,2,19,
Levrette Grand Cru 33 cl,https://vandb-vandb-fr-storage.omn.proximis.com/Imagestorage/imagesSynchro/335/335/af4ca3c290c3a082a57b216346354dd931912e25_BBO032031_1.png,3,82,8.9,2,19,
Brigand 33 cl,https://vandb-vandb-fr-storage.omn.proximis.com/Imagestorage/imagesSynchro/335/335/571c0e952ef3c4f5cd048ce4c38ebcf75fd07243_BBO030380_1.png,3,82,9,2,19,
La Gifle 33cl,https://vandb-vandb-fr-storage.omn.proximis.com/Imagestorage/imagesSynchro/335/335/962b4017082cb469375bf2f8bac91e23efb4c755_BBO032955_1.png,3,82,10,2,19,
Gulden Draak 33cl,https://vandb-vandb-fr-storage.omn.proximis.com/Imagestorage/imagesSynchro/335/335/9d235f6904d5f3dd4973438d629aa5cddd3450bc_BBO031974_1.png,7,82,10.5,2,19,
Saint Feuillien Triple 75cl,https://vandb-vandb-fr-storage.omn.proximis.com/Imagestorage/imagesSynchro/335/335/ee10f68066b75d237dbaa1efdc7a648c3755e326_BBO046215_1.png,3,54,8.5,2,3,
Meteor Triple 33cl,https://vandb-vandb-fr-storage.omn.proximis.com/Imagestorage/imagesSynchro/335/335/3ab11f75a2a8430637ab8a406913e14df5b55bb8_BBO046968_1.png,3,54,8,2,3,
Straffe Hendrik Triple 75cl,https://vandb-vandb-fr-storage.omn.proximis.com/Imagestorage/imagesSynchro/335/335/d7d7e883520b787b16660f01fc9e752697ffe29b_BBO038221_1.png,3,54,9,2,3,
Queue de Charrue Triple Boisée 33 cl,https://vandb-vandb-fr-storage.omn.proximis.com/Imagestorage/imagesSynchro/335/335/57c128e2de8fbce8c302d7f2f91fd8fe38bd77ef_BBO039228_1.png,3,54,8.3,2,3,
Mont Hardi Triple 33 cl,https://vandb-vandb-fr-storage.omn.proximis.com/Imagestorage/imagesSynchro/335/335/9eae2f5f2bc8ee573616345b6b9b3550bb1f43ab_BBO044938_1.png,3,54,8,2,3,
Side Effect 33 cl,https://vandb-vandb-fr-storage.omn.proximis.com/Imagestorage/imagesSynchro/335/335/0e4597e2ed72efd2a0327a1a2c822a2c15586fc3_BBO043899_1.png,3,54,8.5,2,3,
Piraat Triple Hop 33cl,https://vandb-vandb-fr-storage.omn.proximis.com/Imagestorage/imagesSynchro/335/335/17252ed92d874b753a2d15b4a0e85fae637ee94d_BBO033502_1.png,5,54,10.5,2,3,
Val Dieu Triple 33 cl,https://vandb-vandb-fr-storage.omn.proximis.com/Imagestorage/imagesSynchro/335/335/c2fa55efe0a6237ca5482fdb1e8da2b020a6167f_BBO043970_1.png,3,54,9,2,3,
Corsendonk Gold 33 cl,https://vandb-vandb-fr-storage.omn.proximis.com/Imagestorage/imagesSynchro/335/335/7b77f9586a6525f364a0053fea83d0d4cfbf2736_BBO042006_1.png,3,54,9.8,2,3,
3 Monts Triple 75 cl,https://vandb-vandb-fr-storage.omn.proximis.com/Imagestorage/imagesSynchro/335/335/1d67fa7f109941f1eedc509c5dd1e659ad89a896_BBO038868_1.png,3,54,9.5,2,3,
3 Monts Triple 33 cl,https://vandb-vandb-fr-storage.omn.proximis.com/Imagestorage/imagesSynchro/335/335/103b233a8a6d2b3dcc45e07156c0b9edff59744a_BBO038869_1.png,3,54,9.5,2,3,
3 Monts Brassin d'Hiver 33 cl,https://vandb-vandb-fr-storage.omn.proximis.com/Imagestorage/imagesSynchro/335/335/9f725226c55632129e9a7f9f4862f97cc36750be_BBO038949_1.png,3,54,8.5,2,3,
La Corne du Bois des Pendus Triple 33 cl,https://vandb-vandb-fr-storage.omn.proximis.com/Imagestorage/imagesSynchro/335/335/76042bc11bd147ad077728fd430f504a7f010005_BBO039261_1.png,3,54,10,2,3,
3 Monts Héritage Céréales 75 cl,https://vandb-vandb-fr-storage.omn.proximis.com/Imagestorage/imagesSynchro/335/335/6cf8732da2a55268a15316910aab1817583eac6d_BBO038873_1.png,3,54,9,2,3,
Queue de Charrue Triple 75 cl,https://vandb-vandb-fr-storage.omn.proximis.com/Imagestorage/imagesSynchro/335/335/309d5806c1da7a1ee696bb07998f9421b2362652_BBO039421_1.png,3,54,9,2,3,
3 Monts Héritage Céréales 33 cl,https://vandb-vandb-fr-storage.omn.proximis.com/Imagestorage/imagesSynchro/335/335/ac2c6991168007c56c47db76856ffa29d405517f_BBO038874_1.png,3,54,9,2,3,
Rochefort Triple Extra 33cl,https://vandb-vandb-fr-storage.omn.proximis.com/Imagestorage/imagesSynchro/335/335/e351c086955cdba70ce1b3342b6198de407b817a_BBO038505_1.png,3,54,8.1,2,3,
Bonsecours Prestige 33 cl,https://vandb-vandb-fr-storage.omn.proximis.com/Imagestorage/imagesSynchro/335/335/55b2093b0cd4bcf8c503638fecdc067b69e4f037_BBO038418_1.png,3,54,9,2,3,
Chimay Cinq Cents 75cl,https://vandb-vandb-fr-storage.omn.proximis.com/Imagestorage/imagesSynchro/335/335/a371e516f272385bb2c0f0029ae178ca7cb33e39_BBO030455_1.png,3,54,8,2,3,
"Magnum Queue de Charrue Triple 1,5l",https://vandb-vandb-fr-storage.omn.proximis.com/Imagestorage/imagesSynchro/335/335/7601ec7d1916f34161722b9586e497db424c7967_BBO032084_1.png,3,54,9,2,3,
Jungle 33cl,https://vandb-vandb-fr-storage.omn.proximis.com/Imagestorage/imagesSynchro/335/335/4f3898313891844f047b7a66d1051e2676e78f8a_BBO037289_1.png,3,54,7.5,2,3,
Mini-fût Tripel Karmeliet 6L,https://vandb-vandb-fr-storage.omn.proximis.com/Imagestorage/imagesSynchro/335/335/0ce351ad4e402d535154ad99e34b4ab2ef436c33_BMI033759_1.png,3,54,8,2,3,
Rage Against Christmas 33cl,https://vandb-vandb-fr-storage.omn.proximis.com/Imagestorage/imagesSynchro/335/335/9378669a802eb24017b47061db177e6ae4bcfea8_BBO037180_1.png,5,54,7,2,3,
"Magnum Chimay Cinq Cents 1,5l",https://vandb-vandb-fr-storage.omn.proximis.com/Imagestorage/imagesSynchro/335/335/a414bc81d99a5978e8c6ae114e7b9cef70c658b7_BBO030454_1.png,3,54,8,2,3,
"Magnum Tripel Karmeliet 1,5l",https://vandb-vandb-fr-storage.omn.proximis.com/Imagestorage/imagesSynchro/335/335/1fa1e2229d46ba8aa65b13299e391152136ba55d_BBO032007_1.png,3,54,8.4,2,3,
Levrette de Noël 33 cl,https://vandb-vandb-fr-storage.omn.proximis.com/Imagestorage/imagesSynchro/335/335/38dd380fe42e904f6f01234bae346e173ab81109_BBO037759_1.png,3,54,9.4,2,3,
Lupulus Blonde 33cl,https://vandb-vandb-fr-storage.omn.proximis.com/Imagestorage/imagesSynchro/335/335/14345a7d7bbcfa3928641cf3c26114b6efd7a46a_BBO036890_1.png,3,54,8.5,2,3,
Corsendonk Agnus 33cl,https://vandb-vandb-fr-storage.omn.proximis.com/Imagestorage/imagesSynchro/335/335/ab361b70b44b8124d3f80bf45b8d0f1e9ce1714f_BBO030472_1.png,3,54,7.5,2,3,
Maredsous 10 Triple 75cl,https://vandb-vandb-fr-storage.omn.proximis.com/Imagestorage/imagesSynchro/335/335/e4599519a063206ab3cb87fa5025e5a490e0dda0_BBO033722_1.png,3,54,10,2,3,
Pater Lieven Triple 33cl,https://vandb-vandb-fr-storage.omn.proximis.com/Imagestorage/imagesSynchro/335/335/2f4b8f6851c031e8c1cfccea5da38ab569ebf245_BBO032057_1.png,3,54,8,2,3,
Westmalle Triple 33cl,https://vandb-vandb-fr-storage.omn.proximis.com/Imagestorage/imagesSynchro/335/335/a58b69936a2bc0db504dbd4bf667c3f4f9620648_BBO032134_1.png,3,54,9.5,2,3,
Tripick 8 Triple 75cl,https://vandb-vandb-fr-storage.omn.proximis.com/Imagestorage/imagesSynchro/335/335/d42aa41f755e8bba921d6035de07a5c1f35955f6_BBO033153_1.png,3,54,8,2,3,
Paix Dieu 33cl,https://vandb-vandb-fr-storage.omn.proximis.com/Imagestorage/imagesSynchro/335/335/a4e3d1874be4d7c491909912f7436e643872e4fa_BBO032079_1.png,3,54,10,2,3,
Petrus Triple 33cl,https://vandb-vandb-fr-storage.omn.proximis.com/Imagestorage/imagesSynchro/335/335/0102aa40724fd0c19f3e1294830250acb6944dfb_BBO032063_1.png,3,54,8,2,3,
La Houppe 33 cl,https://vandb-vandb-fr-storage.omn.proximis.com/Imagestorage/imagesSynchro/335/335/aea1f3b298ddf094f0673a2c4df3d0ec4ea10ea0_BBO033320_1.png,3,54,7.5,2,3,
Tongerlo Prior 33 cl,https://vandb-vandb-fr-storage.omn.proximis.com/Imagestorage/imagesSynchro/335/335/a3e965202c7d025d4d6c2c471fc63eeb6ea567d2_BBO032120_1.png,3,54,9,2,3,
Kapittel Watou Triple 33cl,https://vandb-vandb-fr-storage.omn.proximis.com/Imagestorage/imagesSynchro/335/335/e432363a86dc27ec6018af570ff19940629ae021_BBO032131_1.png,3,54,10,2,3,
Paix Dieu 75 cl,https://vandb-vandb-fr-storage.omn.proximis.com/Imagestorage/imagesSynchro/335/335/b0e4da5aadab14063bab9a2aaac86978993998f2_BBO033146_1.png,3,54,10,2,3,
Queue de Charrue Triple 33cl,https://vandb-vandb-fr-storage.omn.proximis.com/Imagestorage/imagesSynchro/335/335/ba628c435fb6a43c2fa543e17b19259b6bcb2262_BBO032082_1.png,3,54,9,2,3,
Thai Thai 33cl,https://vandb-vandb-fr-storage.omn.proximis.com/Imagestorage/imagesSynchro/335/335/21c98099e34354fc2c4ac9d00c390f6d7719b7c2_BBO033275_1.png,3,54,8,2,3,
Saint Feuillien Triple 33 cl,https://vandb-vandb-fr-storage.omn.proximis.com/Imagestorage/imagesSynchro/335/335/24b0a1713aad1afa431923c1a5083b4768bc76c5_BBO032107_1.png,3,54,8.5,2,3,
La Houppe 75cl,https://vandb-vandb-fr-storage.omn.proximis.com/Imagestorage/imagesSynchro/335/335/b2a4b7ede33dc6eea4d77497c350d19b09868e10_BBO033321_1.png,3,54,7.5,2,3,
Maredsous 10 Triple 33cl,https://vandb-vandb-fr-storage.omn.proximis.com/Imagestorage/imagesSynchro/335/335/09ddf225bf4e9218308d55481ba0dc35963a8a67_BBO032034_1.png,3,54,10,2,3,
Straffe Hendrik 33 cl,https://vandb-vandb-fr-storage.omn.proximis.com/Imagestorage/imagesSynchro/335/335/51771f3cc3c27e1e8af78a3dca4bb471449e942e_BBO032112_1.png,3,54,9,2,3,
Goliath Triple 33cl,https://vandb-vandb-fr-storage.omn.proximis.com/Imagestorage/imagesSynchro/335/335/1e4ad178462c774a6cadd95e890aa4610d41d296_BBO031968_1_.png,3,54,9,2,3,
Saint Graal Triple 33 cl,https://vandb-vandb-fr-storage.omn.proximis.com/Imagestorage/imagesSynchro/335/335/83cf92e3274ba528142512ad6a714c53aae7cc89_BBO030255_1.png,3,54,8,2,3,
Duchesse Anne Triple 33cl,https://vandb-vandb-fr-storage.omn.proximis.com/Imagestorage/imagesSynchro/335/335/058be8320960008cc8cd11b84de3eed0a603b833_BBO031944_1.png,3,54,7.5,2,3,
La Trappe Tripel 33cl,https://vandb-vandb-fr-storage.omn.proximis.com/Imagestorage/imagesSynchro/335/335/ec6f2e12d84d7438fe8a6e769ae8f512f8d7d65f_BBO032013_1.png,5,54,8,2,3,
Chimay Triple 33 cl,https://vandb-vandb-fr-storage.omn.proximis.com/Imagestorage/imagesSynchro/335/335/a31565420183d5a114696f5be00873ab3dac682b_BBO030463_1.png,3,54,8,2,3,
Duchesse Anne Triple 75cl,https://vandb-vandb-fr-storage.omn.proximis.com/Imagestorage/imagesSynchro/335/335/4b6219a7ad5abfa6b08fd2ed9a00bc24b55d3f2a_BBO031941_1.png,3,54,7.5,2,3,
Tripel Karmeliet 75cl,https://vandb-vandb-fr-storage.omn.proximis.com/Imagestorage/imagesSynchro/335/335/a7eaaf15e293fa2b1f199eadf92515423a678785_BBO031992_1.png,3,54,8.4,2,3,
Tripel Karmeliet 33cl,https://vandb-vandb-fr-storage.omn.proximis.com/Imagestorage/imagesSynchro/335/335/91563712ea6ce1869d563a93d59b1e3b8b942728_BBO031991_1.png,3,54,8.4,2,3,
Carolus Tripel 75cl,https://vandb-vandb-fr-storage.omn.proximis.com/Imagestorage/imagesSynchro/335/335/cb2582429ded66c8b2da2a25f2341b92d0338b35_BBO035517_1.png,3,54,9,2,3,
Saint Bernardus Triple 33cl,https://vandb-vandb-fr-storage.omn.proximis.com/Imagestorage/imagesSynchro/335/335/e40ae0ce19ea7693a2f663bbc728112680f8f933_BBO032102_1.png,3,54,8,2,3,
La Trappe Tripel 75cl,https://vandb-vandb-fr-storage.omn.proximis.com/Imagestorage/imagesSynchro/335/335/041f81e570ae662a1797def452e65c1a7d23ec26_BBO032014_1.png,3,54,8,2,3,
Caulier 28 Triple 33cl,https://vandb-vandb-fr-storage.omn.proximis.com/Imagestorage/imagesSynchro/335/335/3912c7ed9cb5b7e7b298a8082e067afea9337b5a_BBO030429_1.png,3,54,9,2,3,
Kasteel Triple 33 cl,https://vandb-vandb-fr-storage.omn.proximis.com/Imagestorage/imagesSynchro/335/335/8590171267ac82fd0c23bb5d85a2f31bc4429509_BBO031997_1.png,3,54,11,2,3,
Bush Triple 33 cl,https://vandb-vandb-fr-storage.omn.proximis.com/Imagestorage/imagesSynchro/335/335/95898a64f40d4c6fdb2f481cf393d33b825e4945_BBO030407_1.png,3,54,10.5,2,3,
Bush Triple 75 cl,https://vandb-vandb-fr-storage.omn.proximis.com/Imagestorage/imagesSynchro/335/335/46f59aa3fa466b5fc42ddc040f7bf5c82c992058_BBO030401_1.png,3,54,10.5,2,3,
Carolus Tripel 33cl,https://vandb-vandb-fr-storage.omn.proximis.com/Imagestorage/imagesSynchro/335/335/db3b8d540728f1e957b152bc98504bef04cfd27d_BBO030421_1.png,3,54,9,2,3,
Benediktiner Weissbier 50 cl,https://vandb-vandb-fr-storage.omn.proximis.com/Imagestorage/imagesSynchro/335/335/ac86cfd96b02a8e4aa4c4da04816abb4ca23d2fb_BBO030248_1.png,3,22,5.4,2,1,
Benediktiner Weissbier 33 cl,https://vandb-vandb-fr-storage.omn.proximis.com/Imagestorage/imagesSynchro/335/335/15f5d33b4518d0ae39f36769aac8591e3a3d6ee1_BBO043983_1.png,3,22,5.4,2,1,
Pfungstadter Urweizen 50 cl,https://vandb-vandb-fr-storage.omn.proximis.com/Imagestorage/imagesSynchro/335/335/ef13f5b33d03eb803621580d0ff817455f2ab089_BBO041121_1.png,1,22,5.3,2,1,
Kartäuser Weissbier 50 cl,https://vandb-vandb-fr-storage.omn.proximis.com/Imagestorage/imagesSynchro/335/335/625d4c3876cb716795d667aeb0b50f62a1d151e3_BBO041827_1.png,1,22,5.3,2,1,
Krombacher Weizen 50 cl,https://vandb-vandb-fr-storage.omn.proximis.com/Imagestorage/imagesSynchro/335/335/c25e8bf2bf14ffe3857fb0d46e7dfd7937ea23b9_BBO040993_1.png,1,22,5.3,2,1,
Weihenstephaner Hefeweissbier 33 cl,https://vandb-vandb-fr-storage.omn.proximis.com/Imagestorage/imagesSynchro/335/335/4b72de24f362ab5a177452115c92979b66a4c9b5_BBO039058_1.png,3,22,5.4,2,1,
Mini-Fût Paulaner Hefe Weissbier 5L,https://vandb-vandb-fr-storage.omn.proximis.com/Imagestorage/imagesSynchro/335/335/ec4be68c9baf006b11edd71f6da3d976a337d7b7_BMI038135_1.png,1,22,5.5,2,1,
Thurn & Taxis Weissbier 50cl,https://vandb-vandb-fr-storage.omn.proximis.com/Imagestorage/imagesSynchro/335/335/d5618f3d43c51266e40ed6bd1caebeef7ea28f5e_BBO038090_1.png,1,22,5.4,2,1,
Maisel Weisse Original 50cl,https://vandb-vandb-fr-storage.omn.proximis.com/Imagestorage/imagesSynchro/335/335/1744d5f959f487497bf73925e6ce1c03c4c9b3e5_BBO037880_1.png,1,22,5.1,2,1,
Grosse Bertha 33 cl,https://vandb-vandb-fr-storage.omn.proximis.com/Imagestorage/imagesSynchro/335/335/e1fbf612459fb4cc4be3372e544a70ee22f5d124_BBO037650_1.png,1,22,6.5,2,1,
Mini-fût Franziskaner Weissbier 6L,https://vandb-vandb-fr-storage.omn.proximis.com/Imagestorage/imagesSynchro/335/335/a3d907816dfb1faa494308cbe67703df86b70cf3_BMI032188_1.png,3,22,5,2,1,
Kapuziner Hefe Weissbier 50 cl,https://vandb-vandb-fr-storage.omn.proximis.com/Imagestorage/imagesSynchro/335/335/8650003f2445e9a3e304a9fb474596f435827d29_BBO037571_1_.png,1,22,5.4,2,1,
Kapuziner Kellerweizen 50 cl,https://vandb-vandb-fr-storage.omn.proximis.com/Imagestorage/imagesSynchro/335/335/e3fcca63895cdaf2861d858a3888bcfd9d0e2238_BBO037570_1_.png,5,22,5.1,2,1,
Krombacher Weizen Alkoholfrei,https://vandb-vandb-fr-storage.omn.proximis.com/Imagestorage/imagesSynchro/335/335/a9eaa6b61edb6d85858da0f4a91bd1a46d54db7f_ZBI036979_1.png,1,22,0,2,1,
Maisel Weisse Original 33 cl,https://vandb-vandb-fr-storage.omn.proximis.com/Imagestorage/imagesSynchro/335/335/40cdee08296b3b7626894b03e6d13d4409877086_BBO037204_1.png,5,22,5.1,2,1,
Erdinger Schneeweisse 50 cl,https://vandb-vandb-fr-storage.omn.proximis.com/Imagestorage/imagesSynchro/335/335/186ce8a6d7848151a298e1909b368642adaf8c0b_BBO033123_1.png,3,22,5.6,2,1,
Schneider Festweisse Tap 4  50cl,https://vandb-vandb-fr-storage.omn.proximis.com/Imagestorage/imagesSynchro/335/335/1713ddd2c7927bae4eec3a6c721715eb5e327fc1_BBO033070_1.png,1,22,6.2,2,1,
Gipfel Gluck,https://vandb-vandb-fr-storage.omn.proximis.com/Imagestorage/imagesSynchro/335/335/411975b90d7cc5196183627d8f2ff20b02edcdd1_4983BBO034119_1.png,1,22,5.2,2,1,
Himbaer Toni,https://vandb-vandb-fr-storage.omn.proximis.com/Imagestorage/imagesSynchro/335/335/34d333110c18dd420334e1500fb41f6321f8f8b7_4981BBO034118_1.png,5,22,5,2,1,
Schneider Original Tap 7 50cl,https://vandb-vandb-fr-storage.omn.proximis.com/Imagestorage/imagesSynchro/335/335/c9ec8819eafee56115d4d5bc9f01fe27f73b9101_BBO032098_1.png,5,22,5.4,2,1,
Paulaner Hefe Weissbier 50 cl,https://vandb-vandb-fr-storage.omn.proximis.com/Imagestorage/imagesSynchro/335/335/59c9f5d81b980046161e7027a45913c1e441db82_BBO032058_1.png,1,22,5.5,2,1,
Primator Weizen 50cl,https://vandb-vandb-fr-storage.omn.proximis.com/Imagestorage/imagesSynchro/335/335/cc87f4627d12ceeaa5e55e1301b795e2c6bb776b_BBO032076_1.png,1,22,4.8,2,1,
Weihenstephaner Hefeweissbier 50 cl,https://vandb-vandb-fr-storage.omn.proximis.com/Imagestorage/imagesSynchro/335/335/c5d45a97ac8c33218c4ca811f1242c08ccd3920f_BBO032132_1.png,1,22,5.4,2,1,
Memminger Flight 33cl,https://vandb-vandb-fr-storage.omn.proximis.com/Imagestorage/imagesSynchro/335/335/a299aa0504f43c2ccb2f3e67339ba6bf84a633de_BBO032035_1.png,1,22,5.1,2,1,
Franziskaner Hefe Weissbier 50cl,https://vandb-vandb-fr-storage.omn.proximis.com/Imagestorage/imagesSynchro/335/335/f3151e3ea8bcd592181958bc1cddba6e857003e3_BBO031961_1.png,1,22,5,2,1,
Erdinger Hefe Weissbier 50 cl,https://vandb-vandb-fr-storage.omn.proximis.com/Imagestorage/imagesSynchro/335/335/774a378783fcc04a52f7dad45d095ec053777415_BBO031949_1.png,1,22,5.3,2,1,
Augustiner Weissbier 50 cl,https://vandb-vandb-fr-storage.omn.proximis.com/Imagestorage/imagesSynchro/335/335/462847bd41ecfec037000bbf2fef4a78566c7cac_BBO030175_1.png,1,22,5.4,2,1,
Erdinger Hefe Weissbier 33cl,https://vandb-vandb-fr-storage.omn.proximis.com/Imagestorage/imagesSynchro/335/335/45c61e94be1103386cfb49ef47d4bb38618ff207_BBO031950_1.png,1,22,5.3,2,1,
Distelhauser Hefe Weizen 50 cl,https://vandb-vandb-fr-storage.omn.proximis.com/Imagestorage/imagesSynchro/335/335/e81996c5d7fdf57e39266813e893cf32a61dfa1b_BBO031947_1.png,1,22,5.4,2,1,
Hacker Pschorr Hefe Weisse 50 cl,https://vandb-vandb-fr-storage.omn.proximis.com/Imagestorage/imagesSynchro/335/335/7bc60b82eda327a00abdbf25e87dab47e01517b2_BBO031981_1.png,1,22,5.5,2,1,
Weihenstephaner Vitus 50 cl,https://vandb-vandb-fr-storage.omn.proximis.com/Imagestorage/imagesSynchro/335/335/da534f7476c1337884a872754efc9946923e2463_BBO032138_1.png,1,24,7.7,2,1,
Erdinger Pikantus 50 cl,https://vandb-vandb-fr-storage.omn.proximis.com/Imagestorage/imagesSynchro/335/335/fee983d91bdc6da6e6433be96bb71f54c4ea1d47_BBO031951_1.png,7,24,7.3,2,1,
Aurora 33 cl,https://vandb-vandb-fr-storage.omn.proximis.com/Imagestorage/imagesSynchro/335/335/9317f9475083e5b6969ff1491b85be3362559075_BCA047190_1.png,11,5,5.5,2,1,
Wheat Ale Thym Citron 33 cl,https://vandb-vandb-fr-storage.omn.proximis.com/Imagestorage/imagesSynchro/335/335/8302cd7ff935717ea1935bb855f30891b5a48b66_BCA041270_1.png,1,5,5,2,1,
White Panther 33 cl,https://vandb-vandb-fr-storage.omn.proximis.com/Imagestorage/imagesSynchro/335/335/f1c29b015d74e4e7e199a9e0884286a4060012b9_BBO038973_1.png,1,5,5.5,2,1,
Grace 33 cl,https://vandb-vandb-fr-storage.omn.proximis.com/Imagestorage/imagesSynchro/335/335/9bca982e65a4677404f1b4d15eafd42454a87454_BCA038407_1.png,1,5,5,2,1,
Sparkle 44cl,https://vandb-vandb-fr-storage.omn.proximis.com/Imagestorage/imagesSynchro/335/335/aac33e6abc7750b4ada1ca9c8c354339778f2941_BCA038375_1.png,1,5,6.4,2,1,
Wheat Ale 33 cl,https://vandb-vandb-fr-storage.omn.proximis.com/Imagestorage/imagesSynchro/335/335/90fd451d5c24865b266b6ee79b8e16614e919f98_BBO034033_1.png,1,5,5.1,2,1,
Oroshi 33cl,https://vandb-vandb-fr-storage.omn.proximis.com/Imagestorage/imagesSynchro/335/335/1e3e2049f30c140beaac06ab4d2ccdd4bd86e21d_BCA037235_1.png,1,5,4.5,2,1,
Strip 33 cl,https://vandb-vandb-fr-storage.omn.proximis.com/Imagestorage/imagesSynchro/335/335/3a258f7c115eddcfc8daf43ae45c8e1db3711c94_BCA037232_1.png,1,5,5,2,1,
Carte Blanche,https://vandb-vandb-fr-storage.omn.proximis.com/Imagestorage/imagesSynchro/335/335/b3c221cb4fc1824ce351fe068bc5bb20888153a3_BBO037468_1.png,1,5,5,2,1,
Lindy Hop 33cl,https://vandb-vandb-fr-storage.omn.proximis.com/Imagestorage/imagesSynchro/335/335/26f481bcba450da95c626184d86a4e243efb77dc_BBO033341_1.png,1,5,5.5,2,1,
White Rabbit 33cl,https://vandb-vandb-fr-storage.omn.proximis.com/Imagestorage/imagesSynchro/335/335/9bc6afac5cc3ae1148286cc6d357796505f82300_BCA037182_1.png,1,5,5,2,1,
White Rabbit 33 cl,https://vandb-vandb-fr-storage.omn.proximis.com/Imagestorage/imagesSynchro/335/335/c14fceba91c40a836ee6344d3b3c53883bfc7797_BBO032997_1.png,1,5,5,2,1,